// <auto-generated>
//     Generated by tools/generate-confusables.ps1 from the Unicode UTS #39 confusables data.
//     Unicode version: 16.0.0
//     Source:          https://www.unicode.org/Public/security/16.0.0/confusables.txt
//     Source SHA-256:  95BD0AAD6DCED5EBC63436F459C06AB21A8D107CD842FB57F5C3A1E91BCA8611
//     DO NOT EDIT BY HAND. Rerun the generator instead; CI fails on an out-of-date file.
// </auto-generated>

#nullable enable

using System;

namespace HL2RP.Logic.Names;

/// <summary>
/// The Unicode UTS #39 confusables table: for each code point that is drawn like something
/// else, the prototype it should be compared as. <see cref="CharacterNameSkeleton"/> uses it
/// to decide whether two character names would read as the same name.
/// </summary>
internal static class ConfusableMappings
{
	// static readonly, not const: a const would be folded into the caller at compile time, so
	// the pinning test would compare a literal with itself instead of reading the built table.
	public static readonly string UnicodeVersion = "16.0.0";
	public static readonly string SourceSha256 = "95BD0AAD6DCED5EBC63436F459C06AB21A8D107CD842FB57F5C3A1E91BCA8611";
	public static readonly int EntryCount = 6355;

	/// <summary>Confusable code points, ascending, searched by <see cref="Array.BinarySearch{T}(T[],T)"/>.</summary>
	private static readonly int[] Sources =
	{
		0x22, 0x25, 0x30, 0x31, 0x49, 0x60, 0x6D, 0x7C, 0xA0, 0xA2, 0xA5, 0xAF,
		0xB4, 0xB5, 0xB8, 0xC6, 0xC7, 0xD0, 0xD7, 0xD8, 0xE6, 0xE7, 0xF0, 0xF6,
		0xF8, 0x110, 0x111, 0x11A, 0x11B, 0x126, 0x127, 0x131, 0x132, 0x133, 0x13F, 0x140,
		0x141, 0x142, 0x146, 0x149, 0x150, 0x152, 0x153, 0x163, 0x166, 0x167, 0x17F, 0x180,
		0x181, 0x182, 0x183, 0x184, 0x187, 0x189, 0x18A, 0x18C, 0x18D, 0x191, 0x192, 0x193,
		0x196, 0x197, 0x198, 0x199, 0x19A, 0x19B, 0x19D, 0x19E, 0x19F, 0x1A0, 0x1A1, 0x1A4,
		0x1A5, 0x1A6, 0x1A7, 0x1AC, 0x1AD, 0x1AE, 0x1B3, 0x1B4, 0x1B5, 0x1B6, 0x1B7, 0x1BB,
		0x1BC, 0x1BD, 0x1BF, 0x1C0, 0x1C1, 0x1C3, 0x1C4, 0x1C5, 0x1C6, 0x1C7, 0x1C8, 0x1C9,
		0x1CA, 0x1CB, 0x1CC, 0x1CD, 0x1CE, 0x1CF, 0x1D0, 0x1D1, 0x1D2, 0x1D3, 0x1D4, 0x1E4,
		0x1E5, 0x1E6, 0x1E7, 0x1F1, 0x1F2, 0x1F3, 0x1F5, 0x1FE, 0x21A, 0x21B, 0x21C, 0x222,
		0x223, 0x224, 0x225, 0x226, 0x227, 0x23C, 0x23E, 0x241, 0x244, 0x246, 0x247, 0x248,
		0x249, 0x24D, 0x24E, 0x24F, 0x251, 0x253, 0x256, 0x257, 0x259, 0x25A, 0x25B, 0x260,
		0x261, 0x263, 0x266, 0x268, 0x269, 0x26A, 0x26B, 0x26D, 0x26E, 0x26F, 0x271, 0x273,
		0x275, 0x276, 0x27C, 0x27D, 0x282, 0x28B, 0x28F, 0x290, 0x292, 0x294, 0x2A0, 0x2A3,
		0x2A4, 0x2A5, 0x2A6, 0x2A7, 0x2A8, 0x2A9, 0x2AA, 0x2AB, 0x2B3, 0x2B9, 0x2BA, 0x2BB,
		0x2BC, 0x2BD, 0x2BE, 0x2BF, 0x2C2, 0x2C3, 0x2C4, 0x2C6, 0x2C8, 0x2CA, 0x2CB, 0x2D0,
		0x2D3, 0x2D7, 0x2D8, 0x2D9, 0x2DA, 0x2DB, 0x2DC, 0x2DD, 0x2E1, 0x2E2, 0x2E4, 0x2EE,
		0x2F4, 0x2F6, 0x2F8, 0x2FB, 0x305, 0x30C, 0x30D, 0x310, 0x311, 0x315, 0x317, 0x320,
		0x321, 0x322, 0x327, 0x336, 0x337, 0x339, 0x340, 0x341, 0x342, 0x343, 0x345, 0x347,
		0x357, 0x358, 0x366, 0x36E, 0x370, 0x374, 0x375, 0x376, 0x377, 0x37A, 0x37B, 0x37D,
		0x37E, 0x37F, 0x384, 0x387, 0x391, 0x392, 0x395, 0x396, 0x397, 0x398, 0x399, 0x39A,
		0x39B, 0x39C, 0x39D, 0x39F, 0x3A1, 0x3A3, 0x3A4, 0x3A5, 0x3A7, 0x3B1, 0x3B2, 0x3B3,
		0x3B4, 0x3B5, 0x3B7, 0x3B8, 0x3B9, 0x3BA, 0x3BD, 0x3BF, 0x3C1, 0x3C3, 0x3C4, 0x3C5,
		0x3C6, 0x3D0, 0x3D1, 0x3D2, 0x3D5, 0x3D6, 0x3DB, 0x3DC, 0x3E8, 0x3E9, 0x3F0, 0x3F1,
		0x3F2, 0x3F3, 0x3F4, 0x3F5, 0x3F7, 0x3F8, 0x3F9, 0x3FA, 0x3FD, 0x3FF, 0x404, 0x405,
		0x406, 0x408, 0x410, 0x411, 0x412, 0x413, 0x415, 0x417, 0x419, 0x41A, 0x41B, 0x41C,
		0x41D, 0x41E, 0x41F, 0x420, 0x421, 0x422, 0x423, 0x424, 0x425, 0x42B, 0x42C, 0x42E,
		0x430, 0x431, 0x432, 0x433, 0x435, 0x437, 0x438, 0x43A, 0x43C, 0x43D, 0x43E, 0x43F,
		0x440, 0x441, 0x442, 0x443, 0x444, 0x445, 0x44A, 0x44B, 0x44C, 0x44F, 0x454, 0x455,
		0x456, 0x458, 0x45B, 0x45D, 0x461, 0x462, 0x463, 0x470, 0x471, 0x472, 0x473, 0x474,
		0x475, 0x47C, 0x47D, 0x48A, 0x48B, 0x48C, 0x48D, 0x490, 0x491, 0x492, 0x493, 0x496,
		0x497, 0x498, 0x499, 0x49A, 0x49B, 0x49E, 0x49F, 0x4A2, 0x4A3, 0x4AA, 0x4AB, 0x4AC,
		0x4AD, 0x4AE, 0x4AF, 0x4B0, 0x4B1, 0x4B2, 0x4BB, 0x4BD, 0x4BE, 0x4BF, 0x4C0, 0x4C5,
		0x4C6, 0x4C7, 0x4C8, 0x4C9, 0x4CA, 0x4CB, 0x4CC, 0x4CD, 0x4CE, 0x4CF, 0x4D4, 0x4D5,
		0x4D8, 0x4D9, 0x4E0, 0x4E1, 0x4E8, 0x4E9, 0x501, 0x50A, 0x50C, 0x50D, 0x510, 0x511,
		0x51B, 0x51C, 0x51D, 0x53B, 0x544, 0x54A, 0x54C, 0x54D, 0x54F, 0x553, 0x555, 0x55A,
		0x55D, 0x561, 0x563, 0x566, 0x56E, 0x570, 0x575, 0x578, 0x57A, 0x57C, 0x57D, 0x581,
		0x584, 0x585, 0x587, 0x589, 0x59C, 0x59D, 0x5A4, 0x5A8, 0x5AD, 0x5AE, 0x5AF, 0x5B4,
		0x5B9, 0x5BA, 0x5C0, 0x5C1, 0x5C2, 0x5C3, 0x5C4, 0x5C5, 0x5D5, 0x5D8, 0x5D9, 0x5DF,
		0x5E1, 0x5F0, 0x5F1, 0x5F2, 0x5F3, 0x5F4, 0x609, 0x60A, 0x60D, 0x60F, 0x618, 0x619,
		0x61A, 0x623, 0x624, 0x625, 0x626, 0x627, 0x62B, 0x634, 0x63D, 0x63F, 0x647, 0x64A,
		0x64B, 0x64E, 0x64F, 0x652, 0x653, 0x656, 0x657, 0x658, 0x659, 0x65A, 0x65B, 0x65C,
		0x65D, 0x65F, 0x660, 0x661, 0x665, 0x667, 0x668, 0x66A, 0x66B, 0x66C, 0x66D, 0x66E,
		0x66F, 0x672, 0x673, 0x675, 0x676, 0x677, 0x678, 0x679, 0x67E, 0x681, 0x685, 0x688,
		0x68B, 0x68E, 0x691, 0x692, 0x698, 0x69E, 0x69F, 0x6A4, 0x6A7, 0x6A8, 0x6A9, 0x6AA,
		0x6AD, 0x6B4, 0x6B5, 0x6B7, 0x6BA, 0x6BB, 0x6BD, 0x6BE, 0x6C1, 0x6C2, 0x6C3, 0x6C6,
		0x6C7, 0x6C8, 0x6C9, 0x6CB, 0x6CC, 0x6CE, 0x6D0, 0x6D1, 0x6D2, 0x6D4, 0x6D5, 0x6DF,
		0x6E8, 0x6EC, 0x6EE, 0x6EF, 0x6F0, 0x6F1, 0x6F2, 0x6F3, 0x6F4, 0x6F5, 0x6F6, 0x6F7,
		0x6F8, 0x6F9, 0x6FD, 0x6FE, 0x6FF, 0x701, 0x702, 0x703, 0x704, 0x740, 0x741, 0x742,
		0x747, 0x751, 0x756, 0x762, 0x763, 0x767, 0x768, 0x769, 0x76C, 0x771, 0x772, 0x77E,
		0x7C0, 0x7CA, 0x7EB, 0x7ED, 0x7EE, 0x7F3, 0x7F4, 0x7F5, 0x7FA, 0x8A1, 0x8A4, 0x8A7,
		0x8A8, 0x8A9, 0x8AE, 0x8AF, 0x8B0, 0x8B1, 0x8B2, 0x8B6, 0x8B7, 0x8B9, 0x8BA, 0x8BB,
		0x8BC, 0x8BD, 0x8E5, 0x8E8, 0x8EA, 0x8EB, 0x8ED, 0x8EE, 0x8F0, 0x8F1, 0x8F2, 0x8F3,
		0x8F8, 0x8F9, 0x8FA, 0x8FF, 0x900, 0x901, 0x902, 0x903, 0x904, 0x906, 0x908, 0x90D,
		0x90E, 0x910, 0x911, 0x912, 0x913, 0x914, 0x93C, 0x952, 0x953, 0x954, 0x965, 0x966,
		0x967, 0x97D, 0x981, 0x986, 0x9BC, 0x9E0, 0x9E1, 0x9E6, 0x9EA, 0x9ED, 0xA02, 0xA03,
		0xA06, 0xA07, 0xA08, 0xA09, 0xA0A, 0xA0F, 0xA10, 0xA14, 0xA3C, 0xA4B, 0xA4D, 0xA66,
		0xA67, 0xA6A, 0xA81, 0xA82, 0xA83, 0xA86, 0xA8D, 0xA8F, 0xA90, 0xA91, 0xA93, 0xA94,
		0xABC, 0xABD, 0xAC1, 0xAC2, 0xACD, 0xAE6, 0xAE8, 0xAE9, 0xAEA, 0xAEE, 0xAF0, 0xB01,
		0xB03, 0xB06, 0xB20, 0xB3C, 0xB66, 0xB68, 0xB82, 0xB8A, 0xB9C, 0xBB0, 0xBBE, 0xBC8,
		0xBCA, 0xBCB, 0xBCC, 0xBCD, 0xBD7, 0xBE6, 0xBE7, 0xBE8, 0xBEA, 0xBEB, 0xBEC, 0xBED,
		0xBEE, 0xBF0, 0xBF2, 0xBF4, 0xBF5, 0xBF7, 0xBF8, 0xBFA, 0xC00, 0xC02, 0xC03, 0xC13,
		0xC14, 0xC20, 0xC22, 0xC25, 0xC2D, 0xC2E, 0xC37, 0xC39, 0xC42, 0xC44, 0xC60, 0xC61,
		0xC66, 0xC81, 0xC82, 0xC83, 0xC85, 0xC86, 0xC87, 0xC92, 0xC93, 0xC94, 0xC9C, 0xC9E,
		0xCA3, 0xCAF, 0xCB1, 0xCB2, 0xCE1, 0xCE6, 0xCE7, 0xCE8, 0xCEF, 0xD01, 0xD02, 0xD03,
		0xD08, 0xD09, 0xD0A, 0xD0C, 0xD10, 0xD13, 0xD14, 0xD19, 0xD1C, 0xD20, 0xD23, 0xD31,
		0xD34, 0xD36, 0xD3A, 0xD3F, 0xD40, 0xD42, 0xD43, 0xD48, 0xD4E, 0xD5A, 0xD5F, 0xD61,
		0xD66, 0xD6A, 0xD6B, 0xD6C, 0xD6D, 0xD6E, 0xD6F, 0xD76, 0xD79, 0xD7B, 0xD7C, 0xD82,
		0xD83, 0xDE9, 0xDEA, 0xDEB, 0xDEF, 0xE03, 0xE0B, 0xE0F, 0xE14, 0xE15, 0xE17, 0xE21,
		0xE26, 0xE33, 0xE41, 0xE45, 0xE4D, 0xE50, 0xE88, 0xE8D, 0xE9A, 0xE9B, 0xE9D, 0xE9E,
		0xE9F, 0xEB3, 0xEB8, 0xEB9, 0xEC8, 0xEC9, 0xECA, 0xECB, 0xECD, 0xED0, 0xEDC, 0xEDD,
		0xF00, 0xF02, 0xF03, 0xF0C, 0xF0E, 0xF1B, 0xF1E, 0xF1F, 0xF37, 0xF6A, 0xF77, 0xF79,
		0xFCE, 0xFD5, 0xFD6, 0x1000, 0x1010, 0x101D, 0x101F, 0x1029, 0x102A, 0x1036, 0x1038, 0x1040,
		0x104B, 0x1065, 0x1066, 0x106F, 0x1070, 0x107E, 0x1081, 0x109E, 0x10A0, 0x10E7, 0x10F3, 0x10FF,
		0x1101, 0x1104, 0x1108, 0x110A, 0x110D, 0x1113, 0x1114, 0x1115, 0x1116, 0x1117, 0x1118, 0x1119,
		0x111A, 0x111B, 0x111C, 0x111D, 0x111E, 0x111F, 0x1120, 0x1121, 0x1122, 0x1123, 0x1124, 0x1125,
		0x1126, 0x1127, 0x1128, 0x1129, 0x112A, 0x112B, 0x112C, 0x112D, 0x112E, 0x112F, 0x1130, 0x1131,
		0x1132, 0x1133, 0x1134, 0x1135, 0x1136, 0x1137, 0x1138, 0x1139, 0x113A, 0x113B, 0x113D, 0x113F,
		0x1141, 0x1142, 0x1143, 0x1144, 0x1145, 0x1146, 0x1147, 0x1148, 0x1149, 0x114A, 0x114B, 0x114D,
		0x114F, 0x1151, 0x1152, 0x1153, 0x1156, 0x1157, 0x1158, 0x115A, 0x115B, 0x115C, 0x115D, 0x115E,
		0x1162, 0x1164, 0x1166, 0x1168, 0x116A, 0x116B, 0x116C, 0x116F, 0x1170, 0x1171, 0x1173, 0x1174,
		0x1175, 0x1176, 0x1177, 0x1178, 0x1179, 0x117A, 0x117B, 0x117C, 0x117D, 0x117E, 0x117F, 0x1180,
		0x1181, 0x1182, 0x1183, 0x1184, 0x1185, 0x1186, 0x1187, 0x1188, 0x1189, 0x118A, 0x118B, 0x118C,
		0x118D, 0x118E, 0x118F, 0x1190, 0x1191, 0x1192, 0x1193, 0x1194, 0x1195, 0x1196, 0x1197, 0x1198,
		0x1199, 0x119A, 0x119B, 0x119C, 0x119D, 0x119F, 0x11A0, 0x11A1, 0x11A2, 0x11A3, 0x11A4, 0x11A5,
		0x11A6, 0x11A7, 0x11A8, 0x11A9, 0x11AA, 0x11AB, 0x11AC, 0x11AD, 0x11AE, 0x11AF, 0x11B0, 0x11B1,
		0x11B2, 0x11B3, 0x11B4, 0x11B5, 0x11B6, 0x11B7, 0x11B8, 0x11B9, 0x11BA, 0x11BB, 0x11BC, 0x11BD,
		0x11BE, 0x11BF, 0x11C0, 0x11C1, 0x11C2, 0x11C3, 0x11C4, 0x11C5, 0x11C6, 0x11C7, 0x11C8, 0x11C9,
		0x11CA, 0x11CB, 0x11CC, 0x11CD, 0x11CE, 0x11CF, 0x11D0, 0x11D1, 0x11D2, 0x11D3, 0x11D4, 0x11D5,
		0x11D6, 0x11D7, 0x11D8, 0x11D9, 0x11DA, 0x11DB, 0x11DC, 0x11DD, 0x11DE, 0x11DF, 0x11E0, 0x11E1,
		0x11E2, 0x11E3, 0x11E4, 0x11E5, 0x11E6, 0x11E7, 0x11E8, 0x11E9, 0x11EA, 0x11EB, 0x11EC, 0x11ED,
		0x11EE, 0x11EF, 0x11F0, 0x11F1, 0x11F2, 0x11F3, 0x11F4, 0x11F5, 0x11F6, 0x11F7, 0x11F8, 0x11F9,
		0x11FA, 0x11FB, 0x11FC, 0x11FD, 0x11FE, 0x11FF, 0x1200, 0x1223, 0x1240, 0x1260, 0x1294, 0x12D0,
		0x13A0, 0x13A1, 0x13A2, 0x13A4, 0x13A5, 0x13A8, 0x13A9, 0x13AA, 0x13AB, 0x13AC, 0x13AE, 0x13B0,
		0x13B1, 0x13B3, 0x13B7, 0x13BB, 0x13BD, 0x13BE, 0x13BF, 0x13C0, 0x13C2, 0x13C3, 0x13C7, 0x13CB,
		0x13CC, 0x13CE, 0x13CF, 0x13D2, 0x13D4, 0x13D5, 0x13D9, 0x13DA, 0x13DE, 0x13DF, 0x13E2, 0x13E6,
		0x13E7, 0x13EB, 0x13EE, 0x13F0, 0x13F2, 0x13F3, 0x13F4, 0x13FB, 0x13FC, 0x1400, 0x1403, 0x140C,
		0x140D, 0x140E, 0x140F, 0x1410, 0x1411, 0x1412, 0x1413, 0x1414, 0x1415, 0x1417, 0x1418, 0x1419,
		0x141A, 0x1427, 0x142B, 0x142C, 0x142D, 0x142E, 0x142F, 0x1431, 0x1433, 0x1437, 0x1438, 0x143A,
		0x143B, 0x143C, 0x143D, 0x143E, 0x143F, 0x1440, 0x1441, 0x1442, 0x1443, 0x1444, 0x1445, 0x1446,
		0x1447, 0x144A, 0x144C, 0x144E, 0x1454, 0x1457, 0x1458, 0x1459, 0x145A, 0x145B, 0x145C, 0x145D,
		0x145E, 0x145F, 0x1460, 0x1461, 0x1462, 0x1463, 0x1464, 0x1467, 0x1468, 0x1469, 0x146A, 0x146D,
		0x146F, 0x1472, 0x1473, 0x1474, 0x1475, 0x1476, 0x1477, 0x1478, 0x1479, 0x147A, 0x147B, 0x147C,
		0x147D, 0x147E, 0x147F, 0x1480, 0x1481, 0x1485, 0x1486, 0x1487, 0x1488, 0x148D, 0x1492, 0x1493,
		0x1494, 0x1495, 0x1496, 0x1497, 0x1498, 0x1499, 0x149A, 0x149B, 0x149C, 0x149D, 0x149E, 0x149F,
		0x14A5, 0x14AA, 0x14AC, 0x14AD, 0x14AE, 0x14AF, 0x14B0, 0x14B1, 0x14B2, 0x14B3, 0x14B4, 0x14B5,
		0x14B6, 0x14B7, 0x14B8, 0x14B9, 0x14BF, 0x14C9, 0x14CA, 0x14CB, 0x14CC, 0x14CD, 0x14CE, 0x14D1,
		0x14DC, 0x14DD, 0x14DE, 0x14DF, 0x14E0, 0x14E1, 0x14E2, 0x14E3, 0x14E4, 0x14E5, 0x14E6, 0x14E7,
		0x14E8, 0x14E9, 0x14F6, 0x14F7, 0x14F8, 0x14F9, 0x14FA, 0x14FB, 0x14FC, 0x14FD, 0x14FE, 0x14FF,
		0x1500, 0x1501, 0x1502, 0x1503, 0x150C, 0x150D, 0x150E, 0x150F, 0x1517, 0x1518, 0x1519, 0x151A,
		0x151B, 0x151C, 0x151D, 0x151E, 0x151F, 0x1520, 0x1521, 0x1522, 0x1523, 0x1524, 0x152F, 0x1530,
		0x1531, 0x1532, 0x1533, 0x1534, 0x1535, 0x1536, 0x1537, 0x1538, 0x1539, 0x153A, 0x153B, 0x153C,
		0x1540, 0x1541, 0x154E, 0x154F, 0x155B, 0x155C, 0x1568, 0x1569, 0x1577, 0x157C, 0x157D, 0x157E,
		0x157F, 0x1580, 0x1581, 0x1582, 0x1583, 0x1584, 0x1585, 0x1587, 0x158E, 0x158F, 0x1590, 0x1591,
		0x1592, 0x1593, 0x1594, 0x15AF, 0x15B4, 0x15B5, 0x15B7, 0x15C4, 0x15C5, 0x15DE, 0x15EA, 0x15EF,
		0x15F0, 0x15F7, 0x1602, 0x1603, 0x1604, 0x1607, 0x1622, 0x1623, 0x1624, 0x162E, 0x162F, 0x1634,
		0x1635, 0x166D, 0x166E, 0x166F, 0x1670, 0x1671, 0x1672, 0x1673, 0x1674, 0x1675, 0x1676, 0x1677,
		0x1678, 0x1679, 0x167A, 0x167B, 0x167C, 0x167D, 0x1680, 0x16B2, 0x16B7, 0x16C1, 0x16C2, 0x16CC,
		0x16D5, 0x16D6, 0x16D8, 0x16E1, 0x16EB, 0x16EC, 0x16ED, 0x16F0, 0x1734, 0x1735, 0x17A3, 0x17B7,
		0x17B8, 0x17B9, 0x17BA, 0x17C6, 0x17CB, 0x17D3, 0x17D4, 0x17D5, 0x17D9, 0x17DA, 0x1803, 0x1809,
		0x1855, 0x1896, 0x18B3, 0x18B6, 0x18B9, 0x18C2, 0x18C6, 0x18C7, 0x18C8, 0x18C9, 0x18CA, 0x18CB,
		0x18CC, 0x18CD, 0x18CE, 0x18CF, 0x18D0, 0x18D1, 0x18D2, 0x18D3, 0x18DB, 0x18DC, 0x18DD, 0x18E0,
		0x18E3, 0x18E4, 0x18E5, 0x18E8, 0x18EA, 0x18ED, 0x18F0, 0x18F2, 0x19D0, 0x19D1, 0x1A80, 0x1A90,
		0x1AA9, 0x1AAB, 0x1AB4, 0x1AB7, 0x1B52, 0x1B53, 0x1B58, 0x1B5C, 0x1B5F, 0x1C3C, 0x1C7F, 0x1CD0,
		0x1CD2, 0x1CD3, 0x1CD5, 0x1CD8, 0x1CD9, 0x1CDA, 0x1CDC, 0x1CDD, 0x1CDE, 0x1CED, 0x1D04, 0x1D08,
		0x1D0B, 0x1D0D, 0x1D0F, 0x1D10, 0x1D11, 0x1D14, 0x1D1C, 0x1D20, 0x1D21, 0x1D22, 0x1D24, 0x1D26,
		0x1D27, 0x1D28, 0x1D29, 0x1D2B, 0x1D3E, 0x1D52, 0x1D6B, 0x1D6E, 0x1D6F, 0x1D70, 0x1D72, 0x1D73,
		0x1D74, 0x1D75, 0x1D76, 0x1D78, 0x1D7B, 0x1D7C, 0x1D7D, 0x1D7E, 0x1D7F, 0x1D83, 0x1D8C, 0x1D90,
		0x1D9F, 0x1DA2, 0x1DBA, 0x1DBB, 0x1DEE, 0x1E43, 0x1E9A, 0x1E9D, 0x1E9E, 0x1EFF, 0x1F7D, 0x1FBD,
		0x1FBE, 0x1FBF, 0x1FC0, 0x1FEF, 0x1FF6, 0x1FFD, 0x1FFE, 0x2000, 0x2001, 0x2002, 0x2003, 0x2004,
		0x2005, 0x2006, 0x2007, 0x2008, 0x2009, 0x200A, 0x2010, 0x2011, 0x2012, 0x2013, 0x2014, 0x2015,
		0x2016, 0x2018, 0x2019, 0x201A, 0x201B, 0x201C, 0x201D, 0x201F, 0x2022, 0x2024, 0x2025, 0x2026,
		0x2027, 0x2028, 0x2029, 0x202F, 0x2030, 0x2031, 0x2032, 0x2033, 0x2034, 0x2035, 0x2036, 0x2037,
		0x2039, 0x203A, 0x203C, 0x203E, 0x2041, 0x2043, 0x2044, 0x2047, 0x2048, 0x2049, 0x204E, 0x2052,
		0x2053, 0x2057, 0x205A, 0x205D, 0x205E, 0x205F, 0x2070, 0x2079, 0x20A1, 0x20A4, 0x20A5, 0x20A8,
		0x20A9, 0x20AB, 0x20AC, 0x20AD, 0x20AE, 0x20B6, 0x20BD, 0x20DB, 0x2100, 0x2101, 0x2102, 0x2103,
		0x2105, 0x2106, 0x2107, 0x2108, 0x2109, 0x210A, 0x210B, 0x210C, 0x210D, 0x210E, 0x210F, 0x2110,
		0x2111, 0x2112, 0x2113, 0x2115, 0x2116, 0x2119, 0x211A, 0x211B, 0x211C, 0x211D, 0x2121, 0x2124,
		0x2126, 0x2127, 0x2128, 0x2129, 0x212A, 0x212C, 0x212D, 0x212E, 0x212F, 0x2130, 0x2131, 0x2133,
		0x2134, 0x2135, 0x2136, 0x2137, 0x2138, 0x2139, 0x213B, 0x213C, 0x213D, 0x213E, 0x213F, 0x2140,
		0x2141, 0x2142, 0x2143, 0x2145, 0x2146, 0x2147, 0x2148, 0x2149, 0x2160, 0x2161, 0x2162, 0x2163,
		0x2164, 0x2165, 0x2166, 0x2167, 0x2168, 0x2169, 0x216A, 0x216B, 0x216C, 0x216D, 0x216E, 0x216F,
		0x2170, 0x2171, 0x2172, 0x2173, 0x2174, 0x2175, 0x2176, 0x2177, 0x2178, 0x2179, 0x217A, 0x217B,
		0x217C, 0x217D, 0x217E, 0x217F, 0x2183, 0x2184, 0x2191, 0x2195, 0x21B5, 0x21BA, 0x21BE, 0x21BF,
		0x2200, 0x2203, 0x2206, 0x220F, 0x2211, 0x2212, 0x2214, 0x2215, 0x2216, 0x2217, 0x2218, 0x2219,
		0x221E, 0x2223, 0x2225, 0x2228, 0x2229, 0x222A, 0x222B, 0x222C, 0x222D, 0x222F, 0x2230, 0x2236,
		0x2238, 0x223C, 0x2250, 0x2251, 0x2257, 0x2259, 0x225A, 0x225E, 0x2263, 0x226A, 0x226B, 0x2282,
		0x2283, 0x2295, 0x2296, 0x2299, 0x229D, 0x22A4, 0x22A5, 0x22C0, 0x22C1, 0x22C2, 0x22C3, 0x22C4,
		0x22C5, 0x22C8, 0x22D6, 0x22D7, 0x22D8, 0x22D9, 0x22EE, 0x22EF, 0x22F4, 0x22FF, 0x2300, 0x2325,
		0x2329, 0x232A, 0x2341, 0x2359, 0x235A, 0x235C, 0x235F, 0x2361, 0x2362, 0x2363, 0x2364, 0x2365,
		0x2368, 0x2369, 0x236B, 0x236C, 0x2373, 0x2374, 0x2375, 0x2376, 0x2377, 0x2378, 0x2379, 0x237A,
		0x237F, 0x239C, 0x239F, 0x23A2, 0x23A5, 0x23AA, 0x23AE, 0x23C1, 0x23C2, 0x23C3, 0x23C6, 0x23E8,
		0x23FC, 0x23FD, 0x23FE, 0x244A, 0x2460, 0x2461, 0x2462, 0x2463, 0x2464, 0x2465, 0x2466, 0x2467,
		0x2468, 0x2469, 0x2474, 0x2475, 0x2476, 0x2477, 0x2478, 0x2479, 0x247A, 0x247B, 0x247C, 0x247D,
		0x247E, 0x247F, 0x2480, 0x2481, 0x2482, 0x2483, 0x2484, 0x2485, 0x2486, 0x2487, 0x2488, 0x2489,
		0x248A, 0x248B, 0x248C, 0x248D, 0x248E, 0x248F, 0x2490, 0x2491, 0x2492, 0x2493, 0x2494, 0x2495,
		0x2496, 0x2497, 0x2498, 0x2499, 0x249A, 0x249B, 0x249C, 0x249D, 0x249E, 0x249F, 0x24A0, 0x24A1,
		0x24A2, 0x24A3, 0x24A4, 0x24A5, 0x24A6, 0x24A7, 0x24A8, 0x24A9, 0x24AA, 0x24AB, 0x24AC, 0x24AD,
		0x24AE, 0x24AF, 0x24B0, 0x24B1, 0x24B2, 0x24B3, 0x24B4, 0x24B5, 0x24B8, 0x24C5, 0x24C7, 0x24DB,
		0x24EA, 0x2500, 0x2501, 0x2503, 0x250F, 0x2523, 0x2571, 0x2573, 0x2588, 0x2590, 0x2594, 0x2597,
		0x259D, 0x25A0, 0x25B1, 0x25B3, 0x25B7, 0x25B8, 0x25BA, 0x25BD, 0x25C1, 0x25C7, 0x25CA, 0x25CB,
		0x25CE, 0x25E0, 0x25E6, 0x2609, 0x2610, 0x2625, 0x2630, 0x2638, 0x264E, 0x2662, 0x2669, 0x266A,
		0x26AC, 0x2768, 0x2769, 0x276E, 0x276F, 0x2772, 0x2773, 0x2774, 0x2775, 0x2795, 0x2796, 0x2797,
		0x27C2, 0x27C8, 0x27C9, 0x27CB, 0x27CD, 0x27D9, 0x27E8, 0x27E9, 0x292B, 0x292C, 0x2963, 0x2965,
		0x296E, 0x296F, 0x2999, 0x29B0, 0x29BE, 0x29C4, 0x29C5, 0x29C7, 0x29D6, 0x29D9, 0x29F4, 0x29F5,
		0x29F6, 0x29F8, 0x29F9, 0x2A00, 0x2A01, 0x2A02, 0x2A03, 0x2A04, 0x2A05, 0x2A06, 0x2A0C, 0x2A1D,
		0x2A20, 0x2A21, 0x2A22, 0x2A23, 0x2A24, 0x2A25, 0x2A26, 0x2A27, 0x2A29, 0x2A2A, 0x2A2F, 0x2A30,
		0x2A3D, 0x2A3E, 0x2A3F, 0x2A6A, 0x2A6E, 0x2A74, 0x2A75, 0x2A76, 0x2AA5, 0x2AAA, 0x2AAB, 0x2AD7,
		0x2AFB, 0x2AFD, 0x2BEC, 0x2BED, 0x2BEE, 0x2BEF, 0x2C67, 0x2C69, 0x2C84, 0x2C85, 0x2C86, 0x2C88,
		0x2C89, 0x2C8E, 0x2C92, 0x2C94, 0x2C95, 0x2C96, 0x2C98, 0x2C9A, 0x2C9E, 0x2C9F, 0x2CA0, 0x2CA2,
		0x2CA3, 0x2CA4, 0x2CA5, 0x2CA6, 0x2CA8, 0x2CAA, 0x2CAB, 0x2CAC, 0x2CAD, 0x2CAE, 0x2CB1, 0x2CB4,
		0x2CBA, 0x2CBC, 0x2CBD, 0x2CC6, 0x2CCA, 0x2CCC, 0x2CCD, 0x2CD0, 0x2CD1, 0x2CD2, 0x2CDC, 0x2CE4,
		0x2CE9, 0x2CF9, 0x2D31, 0x2D37, 0x2D38, 0x2D39, 0x2D3A, 0x2D41, 0x2D48, 0x2D49, 0x2D4F, 0x2D51,
		0x2D54, 0x2D55, 0x2D59, 0x2D5D, 0x2D60, 0x2D63, 0x2DE8, 0x2DEA, 0x2DED, 0x2DEF, 0x2DF6, 0x2DF7,
		0x2E1A, 0x2E1E, 0x2E1F, 0x2E26, 0x2E27, 0x2E28, 0x2E29, 0x2E2A, 0x2E2B, 0x2E2C, 0x2E2E, 0x2E30,
		0x2E31, 0x2E32, 0x2E35, 0x2E39, 0x2E3D, 0x2E3F, 0x2E40, 0x2E82, 0x2E83, 0x2E85, 0x2E89, 0x2E8B,
		0x2E8E, 0x2E8F, 0x2E90, 0x2E92, 0x2E93, 0x2E94, 0x2E96, 0x2E97, 0x2E98, 0x2E99, 0x2E9B, 0x2E9E,
		0x2E9F, 0x2EA0, 0x2EA1, 0x2EA2, 0x2EA3, 0x2EA4, 0x2EA6, 0x2EA8, 0x2EAB, 0x2EAD, 0x2EAF, 0x2EB1,
		0x2EB2, 0x2EB9, 0x2EBA, 0x2EBE, 0x2EBF, 0x2EC0, 0x2EC1, 0x2EC2, 0x2EC3, 0x2EC4, 0x2EC5, 0x2EC8,
		0x2EC9, 0x2ECB, 0x2ECC, 0x2ECD, 0x2ECF, 0x2ED0, 0x2ED1, 0x2ED2, 0x2ED3, 0x2ED4, 0x2ED6, 0x2ED8,
		0x2ED9, 0x2EDA, 0x2EDB, 0x2EDC, 0x2EDD, 0x2EDF, 0x2EE0, 0x2EE2, 0x2EE4, 0x2EE5, 0x2EE8, 0x2EE9,
		0x2EEB, 0x2EEC, 0x2EED, 0x2EEE, 0x2EEF, 0x2EF0, 0x2EF2, 0x2EF3, 0x2F00, 0x2F01, 0x2F02, 0x2F03,
		0x2F04, 0x2F05, 0x2F06, 0x2F07, 0x2F08, 0x2F09, 0x2F0A, 0x2F0B, 0x2F0C, 0x2F0D, 0x2F0E, 0x2F0F,
		0x2F10, 0x2F11, 0x2F12, 0x2F13, 0x2F14, 0x2F15, 0x2F16, 0x2F17, 0x2F18, 0x2F19, 0x2F1A, 0x2F1B,
		0x2F1C, 0x2F1D, 0x2F1E, 0x2F1F, 0x2F20, 0x2F21, 0x2F22, 0x2F23, 0x2F24, 0x2F25, 0x2F26, 0x2F27,
		0x2F28, 0x2F29, 0x2F2A, 0x2F2B, 0x2F2C, 0x2F2D, 0x2F2E, 0x2F2F, 0x2F30, 0x2F31, 0x2F32, 0x2F33,
		0x2F34, 0x2F35, 0x2F36, 0x2F37, 0x2F38, 0x2F39, 0x2F3A, 0x2F3B, 0x2F3C, 0x2F3D, 0x2F3E, 0x2F3F,
		0x2F40, 0x2F41, 0x2F42, 0x2F43, 0x2F44, 0x2F45, 0x2F46, 0x2F47, 0x2F48, 0x2F49, 0x2F4A, 0x2F4B,
		0x2F4C, 0x2F4D, 0x2F4E, 0x2F4F, 0x2F50, 0x2F51, 0x2F52, 0x2F53, 0x2F54, 0x2F55, 0x2F56, 0x2F57,
		0x2F58, 0x2F59, 0x2F5A, 0x2F5B, 0x2F5C, 0x2F5D, 0x2F5E, 0x2F5F, 0x2F60, 0x2F61, 0x2F62, 0x2F63,
		0x2F64, 0x2F65, 0x2F66, 0x2F67, 0x2F68, 0x2F69, 0x2F6A, 0x2F6B, 0x2F6C, 0x2F6D, 0x2F6E, 0x2F6F,
		0x2F70, 0x2F71, 0x2F72, 0x2F73, 0x2F74, 0x2F75, 0x2F76, 0x2F77, 0x2F78, 0x2F79, 0x2F7A, 0x2F7B,
		0x2F7C, 0x2F7D, 0x2F7E, 0x2F7F, 0x2F80, 0x2F81, 0x2F82, 0x2F83, 0x2F84, 0x2F85, 0x2F86, 0x2F87,
		0x2F88, 0x2F89, 0x2F8A, 0x2F8B, 0x2F8C, 0x2F8D, 0x2F8E, 0x2F8F, 0x2F90, 0x2F91, 0x2F92, 0x2F93,
		0x2F94, 0x2F95, 0x2F96, 0x2F97, 0x2F98, 0x2F99, 0x2F9A, 0x2F9B, 0x2F9C, 0x2F9D, 0x2F9E, 0x2F9F,
		0x2FA0, 0x2FA1, 0x2FA2, 0x2FA3, 0x2FA4, 0x2FA5, 0x2FA6, 0x2FA7, 0x2FA8, 0x2FA9, 0x2FAA, 0x2FAB,
		0x2FAC, 0x2FAD, 0x2FAE, 0x2FAF, 0x2FB0, 0x2FB1, 0x2FB2, 0x2FB3, 0x2FB4, 0x2FB5, 0x2FB6, 0x2FB7,
		0x2FB8, 0x2FB9, 0x2FBA, 0x2FBB, 0x2FBC, 0x2FBD, 0x2FBE, 0x2FBF, 0x2FC0, 0x2FC1, 0x2FC2, 0x2FC3,
		0x2FC4, 0x2FC5, 0x2FC6, 0x2FC7, 0x2FC8, 0x2FC9, 0x2FCA, 0x2FCB, 0x2FCC, 0x2FCD, 0x2FCE, 0x2FCF,
		0x2FD0, 0x2FD1, 0x2FD2, 0x2FD3, 0x2FD4, 0x2FD5, 0x3002, 0x3003, 0x3007, 0x3008, 0x3009, 0x3012,
		0x3014, 0x3015, 0x301A, 0x301B, 0x302C, 0x302D, 0x3033, 0x3036, 0x3038, 0x3039, 0x303A, 0x304F,
		0x309A, 0x309B, 0x309C, 0x30A0, 0x30A4, 0x30A8, 0x30AB, 0x30BF, 0x30C8, 0x30CB, 0x30CE, 0x30CF,
		0x30D8, 0x30ED, 0x30FB, 0x3126, 0x3131, 0x3132, 0x3133, 0x3134, 0x3135, 0x3136, 0x3137, 0x3138,
		0x3139, 0x313A, 0x313B, 0x313C, 0x313D, 0x313E, 0x313F, 0x3140, 0x3141, 0x3142, 0x3143, 0x3144,
		0x3145, 0x3146, 0x3147, 0x3148, 0x3149, 0x314A, 0x314B, 0x314C, 0x314D, 0x314E, 0x314F, 0x3150,
		0x3151, 0x3152, 0x3153, 0x3154, 0x3155, 0x3156, 0x3157, 0x3158, 0x3159, 0x315A, 0x315B, 0x315C,
		0x315D, 0x315E, 0x315F, 0x3160, 0x3161, 0x3162, 0x3163, 0x3164, 0x3165, 0x3166, 0x3167, 0x3168,
		0x3169, 0x316A, 0x316B, 0x316C, 0x316D, 0x316E, 0x316F, 0x3170, 0x3171, 0x3172, 0x3173, 0x3174,
		0x3175, 0x3176, 0x3177, 0x3178, 0x3179, 0x317A, 0x317B, 0x317C, 0x317D, 0x317E, 0x317F, 0x3180,
		0x3181, 0x3182, 0x3183, 0x3184, 0x3185, 0x3186, 0x3187, 0x3188, 0x3189, 0x318A, 0x318B, 0x318C,
		0x318D, 0x318E, 0x31D0, 0x31D1, 0x31D3, 0x31D4, 0x31D6, 0x31DA, 0x31DB, 0x31DF, 0x31E0, 0x3200,
		0x3201, 0x3202, 0x3203, 0x3204, 0x3205, 0x3206, 0x3207, 0x3208, 0x3209, 0x320A, 0x320B, 0x320C,
		0x320D, 0x320E, 0x320F, 0x3210, 0x3211, 0x3212, 0x3213, 0x3214, 0x3215, 0x3216, 0x3217, 0x3218,
		0x3219, 0x321A, 0x321B, 0x321C, 0x321D, 0x321E, 0x3220, 0x3221, 0x3222, 0x3223, 0x3224, 0x3225,
		0x3226, 0x3227, 0x3228, 0x3229, 0x322A, 0x322B, 0x322C, 0x322D, 0x322E, 0x322F, 0x3230, 0x3231,
		0x3232, 0x3233, 0x3234, 0x3235, 0x3236, 0x3237, 0x3238, 0x3239, 0x323A, 0x323B, 0x323C, 0x323D,
		0x323E, 0x323F, 0x3240, 0x3241, 0x3242, 0x3243, 0x32C0, 0x32C1, 0x32C2, 0x32C3, 0x32C4, 0x32C5,
		0x32C6, 0x32C7, 0x32C8, 0x32C9, 0x32CA, 0x32CB, 0x3358, 0x3359, 0x335A, 0x335B, 0x335C, 0x335D,
		0x335E, 0x335F, 0x3360, 0x3361, 0x3362, 0x3363, 0x3364, 0x3365, 0x3366, 0x3367, 0x3368, 0x3369,
		0x336A, 0x336B, 0x336C, 0x336D, 0x336E, 0x336F, 0x3370, 0x33E0, 0x33E1, 0x33E2, 0x33E3, 0x33E4,
		0x33E5, 0x33E6, 0x33E7, 0x33E8, 0x33E9, 0x33EA, 0x33EB, 0x33EC, 0x33ED, 0x33EE, 0x33EF, 0x33F0,
		0x33F1, 0x33F2, 0x33F3, 0x33F4, 0x33F5, 0x33F6, 0x33F7, 0x33F8, 0x33F9, 0x33FA, 0x33FB, 0x33FC,
		0x33FD, 0x33FE, 0x39B3, 0x439B, 0x4420, 0x4E00, 0x4E36, 0x4E3F, 0x5002, 0x503C, 0x555F, 0x56D7,
		0x586B, 0x58EB, 0x58FF, 0x5B00, 0x5E32, 0x5E50, 0x6238, 0x6409, 0x6663, 0x6669, 0x66F6, 0x6726,
		0x67FF, 0x69E9, 0x6A27, 0x6F59, 0x784F, 0x7D76, 0x80A6, 0x80CA, 0x80D0, 0x80F6, 0x8101, 0x8127,
		0x8141, 0x81A7, 0x853F, 0x8641, 0x8A1E, 0x8A7D, 0x8B8F, 0x8C63, 0x8D86, 0x8DFA, 0x8E9B, 0x8F27,
		0x90DE, 0x93AE, 0x96B8, 0x9E43, 0x9ED2, 0x9FC3, 0xA494, 0xA49C, 0xA49E, 0xA4A7, 0xA4A8, 0xA4AC,
		0xA4B0, 0xA4BA, 0xA4BE, 0xA4BF, 0xA4C0, 0xA4C2, 0xA4D0, 0xA4D1, 0xA4D2, 0xA4D3, 0xA4D4, 0xA4D6,
		0xA4D7, 0xA4D9, 0xA4DA, 0xA4DB, 0xA4DC, 0xA4DD, 0xA4DE, 0xA4DF, 0xA4E0, 0xA4E1, 0xA4E2, 0xA4E3,
		0xA4E5, 0xA4E6, 0xA4E7, 0xA4EA, 0xA4EB, 0xA4EC, 0xA4ED, 0xA4EE, 0xA4EF, 0xA4F0, 0xA4F1, 0xA4F2,
		0xA4F3, 0xA4F4, 0xA4F5, 0xA4F7, 0xA4F8, 0xA4F9, 0xA4FA, 0xA4FB, 0xA4FD, 0xA4FE, 0xA4FF, 0xA60E,
		0xA644, 0xA645, 0xA647, 0xA64D, 0xA650, 0xA651, 0xA668, 0xA66F, 0xA67C, 0xA67E, 0xA695, 0xA698,
		0xA699, 0xA69A, 0xA6A1, 0xA6B0, 0xA6B1, 0xA6CD, 0xA6CE, 0xA6DB, 0xA6DF, 0xA6EB, 0xA6EF, 0xA6F0,
		0xA6F1, 0xA6F4, 0xA714, 0xA716, 0xA728, 0xA729, 0xA731, 0xA732, 0xA733, 0xA734, 0xA735, 0xA736,
		0xA737, 0xA738, 0xA739, 0xA73A, 0xA73B, 0xA73C, 0xA73D, 0xA740, 0xA74A, 0xA74B, 0xA74E, 0xA74F,
		0xA75A, 0xA761, 0xA76A, 0xA76B, 0xA76E, 0xA777, 0xA778, 0xA77A, 0xA789, 0xA78C, 0xA78F, 0xA795,
		0xA798, 0xA799, 0xA79A, 0xA79B, 0xA79D, 0xA79E, 0xA79F, 0xA7AB, 0xA7B1, 0xA7B2, 0xA7B3, 0xA7B4,
		0xA7B5, 0xA7B6, 0xA7B7, 0xA7D6, 0xA7DA, 0xA7DB, 0xA7DC, 0xA7F7, 0xA830, 0xA960, 0xA961, 0xA962,
		0xA963, 0xA964, 0xA965, 0xA966, 0xA967, 0xA968, 0xA969, 0xA96A, 0xA96B, 0xA96C, 0xA96D, 0xA96E,
		0xA96F, 0xA970, 0xA971, 0xA972, 0xA973, 0xA974, 0xA975, 0xA976, 0xA977, 0xA978, 0xA979, 0xA97A,
		0xA97B, 0xA97C, 0xA992, 0xA9A3, 0xA9C6, 0xA9CF, 0xAA53, 0xAA56, 0xAB32, 0xAB35, 0xAB3D, 0xAB3E,
		0xAB3F, 0xAB41, 0xAB42, 0xAB47, 0xAB48, 0xAB4D, 0xAB4E, 0xAB52, 0xAB53, 0xAB55, 0xAB5A, 0xAB60,
		0xAB62, 0xAB63, 0xAB70, 0xAB71, 0xAB72, 0xAB74, 0xAB75, 0xAB7A, 0xAB7B, 0xAB7C, 0xAB7E, 0xAB80,
		0xAB81, 0xAB83, 0xAB87, 0xAB8B, 0xAB8E, 0xAB90, 0xAB93, 0xAB9B, 0xAB9C, 0xAB9F, 0xABA2, 0xABA9,
		0xABAA, 0xABAE, 0xABAF, 0xABB2, 0xABB6, 0xABBB, 0xD7B0, 0xD7B1, 0xD7B2, 0xD7B3, 0xD7B4, 0xD7B5,
		0xD7B6, 0xD7B7, 0xD7B8, 0xD7B9, 0xD7BA, 0xD7BB, 0xD7BC, 0xD7BD, 0xD7BE, 0xD7BF, 0xD7C0, 0xD7C1,
		0xD7C2, 0xD7C3, 0xD7C4, 0xD7C5, 0xD7C6, 0xD7CB, 0xD7CC, 0xD7CD, 0xD7CE, 0xD7CF, 0xD7D0, 0xD7D1,
		0xD7D2, 0xD7D3, 0xD7D4, 0xD7D5, 0xD7D6, 0xD7D7, 0xD7D8, 0xD7D9, 0xD7DA, 0xD7DB, 0xD7DC, 0xD7DD,
		0xD7DE, 0xD7DF, 0xD7E0, 0xD7E1, 0xD7E2, 0xD7E3, 0xD7E4, 0xD7E5, 0xD7E6, 0xD7E7, 0xD7E8, 0xD7E9,
		0xD7EA, 0xD7EB, 0xD7EC, 0xD7ED, 0xD7EE, 0xD7EF, 0xD7F0, 0xD7F1, 0xD7F2, 0xD7F3, 0xD7F4, 0xD7F5,
		0xD7F6, 0xD7F7, 0xD7F8, 0xD7F9, 0xD7FA, 0xD7FB, 0xF900, 0xF901, 0xF902, 0xF903, 0xF904, 0xF905,
		0xF906, 0xF907, 0xF908, 0xF909, 0xF90A, 0xF90B, 0xF90C, 0xF90D, 0xF90E, 0xF90F, 0xF910, 0xF911,
		0xF912, 0xF913, 0xF914, 0xF915, 0xF916, 0xF917, 0xF918, 0xF919, 0xF91A, 0xF91B, 0xF91C, 0xF91D,
		0xF91E, 0xF91F, 0xF920, 0xF921, 0xF922, 0xF923, 0xF924, 0xF925, 0xF926, 0xF927, 0xF928, 0xF929,
		0xF92A, 0xF92B, 0xF92C, 0xF92D, 0xF92E, 0xF92F, 0xF930, 0xF931, 0xF932, 0xF933, 0xF934, 0xF935,
		0xF936, 0xF937, 0xF938, 0xF939, 0xF93A, 0xF93B, 0xF93C, 0xF93D, 0xF93E, 0xF93F, 0xF940, 0xF941,
		0xF942, 0xF943, 0xF944, 0xF945, 0xF946, 0xF947, 0xF948, 0xF949, 0xF94A, 0xF94B, 0xF94C, 0xF94D,
		0xF94E, 0xF94F, 0xF950, 0xF951, 0xF952, 0xF953, 0xF954, 0xF955, 0xF956, 0xF957, 0xF958, 0xF959,
		0xF95A, 0xF95B, 0xF95C, 0xF95D, 0xF95E, 0xF95F, 0xF960, 0xF961, 0xF962, 0xF963, 0xF964, 0xF965,
		0xF966, 0xF967, 0xF968, 0xF969, 0xF96A, 0xF96B, 0xF96C, 0xF96D, 0xF96E, 0xF96F, 0xF970, 0xF971,
		0xF972, 0xF973, 0xF974, 0xF975, 0xF976, 0xF977, 0xF978, 0xF979, 0xF97A, 0xF97B, 0xF97C, 0xF97D,
		0xF97E, 0xF97F, 0xF980, 0xF981, 0xF982, 0xF983, 0xF984, 0xF985, 0xF986, 0xF987, 0xF988, 0xF989,
		0xF98A, 0xF98B, 0xF98C, 0xF98D, 0xF98E, 0xF98F, 0xF990, 0xF991, 0xF992, 0xF993, 0xF994, 0xF995,
		0xF996, 0xF997, 0xF998, 0xF999, 0xF99A, 0xF99B, 0xF99C, 0xF99D, 0xF99E, 0xF99F, 0xF9A0, 0xF9A1,
		0xF9A2, 0xF9A3, 0xF9A4, 0xF9A5, 0xF9A6, 0xF9A7, 0xF9A8, 0xF9A9, 0xF9AA, 0xF9AB, 0xF9AC, 0xF9AD,
		0xF9AE, 0xF9AF, 0xF9B0, 0xF9B1, 0xF9B2, 0xF9B3, 0xF9B4, 0xF9B5, 0xF9B6, 0xF9B7, 0xF9B8, 0xF9B9,
		0xF9BA, 0xF9BB, 0xF9BC, 0xF9BD, 0xF9BE, 0xF9BF, 0xF9C0, 0xF9C1, 0xF9C2, 0xF9C3, 0xF9C4, 0xF9C5,
		0xF9C6, 0xF9C7, 0xF9C8, 0xF9C9, 0xF9CA, 0xF9CB, 0xF9CC, 0xF9CD, 0xF9CE, 0xF9CF, 0xF9D0, 0xF9D1,
		0xF9D2, 0xF9D3, 0xF9D4, 0xF9D5, 0xF9D6, 0xF9D7, 0xF9D8, 0xF9D9, 0xF9DA, 0xF9DB, 0xF9DC, 0xF9DD,
		0xF9DE, 0xF9DF, 0xF9E0, 0xF9E1, 0xF9E2, 0xF9E3, 0xF9E4, 0xF9E5, 0xF9E6, 0xF9E7, 0xF9E8, 0xF9E9,
		0xF9EA, 0xF9EB, 0xF9EC, 0xF9ED, 0xF9EE, 0xF9EF, 0xF9F0, 0xF9F1, 0xF9F2, 0xF9F3, 0xF9F4, 0xF9F5,
		0xF9F6, 0xF9F7, 0xF9F8, 0xF9F9, 0xF9FA, 0xF9FB, 0xF9FC, 0xF9FD, 0xF9FE, 0xF9FF, 0xFA00, 0xFA01,
		0xFA02, 0xFA03, 0xFA04, 0xFA05, 0xFA06, 0xFA07, 0xFA08, 0xFA09, 0xFA0A, 0xFA0B, 0xFA0C, 0xFA0D,
		0xFA10, 0xFA12, 0xFA15, 0xFA16, 0xFA17, 0xFA18, 0xFA19, 0xFA1A, 0xFA1B, 0xFA1C, 0xFA1D, 0xFA1E,
		0xFA20, 0xFA22, 0xFA25, 0xFA26, 0xFA2A, 0xFA2B, 0xFA2C, 0xFA2D, 0xFA2E, 0xFA2F, 0xFA30, 0xFA31,
		0xFA32, 0xFA33, 0xFA34, 0xFA35, 0xFA36, 0xFA37, 0xFA38, 0xFA39, 0xFA3A, 0xFA3B, 0xFA3C, 0xFA3D,
		0xFA3E, 0xFA3F, 0xFA40, 0xFA41, 0xFA42, 0xFA43, 0xFA44, 0xFA45, 0xFA46, 0xFA47, 0xFA48, 0xFA49,
		0xFA4A, 0xFA4B, 0xFA4C, 0xFA4D, 0xFA4E, 0xFA4F, 0xFA50, 0xFA51, 0xFA52, 0xFA53, 0xFA54, 0xFA55,
		0xFA56, 0xFA57, 0xFA58, 0xFA59, 0xFA5A, 0xFA5B, 0xFA5C, 0xFA5D, 0xFA5E, 0xFA5F, 0xFA60, 0xFA61,
		0xFA62, 0xFA63, 0xFA64, 0xFA65, 0xFA66, 0xFA67, 0xFA68, 0xFA69, 0xFA6A, 0xFA6B, 0xFA6C, 0xFA6D,
		0xFA70, 0xFA71, 0xFA72, 0xFA73, 0xFA74, 0xFA75, 0xFA76, 0xFA77, 0xFA78, 0xFA79, 0xFA7A, 0xFA7B,
		0xFA7C, 0xFA7D, 0xFA7E, 0xFA7F, 0xFA80, 0xFA81, 0xFA82, 0xFA83, 0xFA84, 0xFA85, 0xFA86, 0xFA87,
		0xFA88, 0xFA89, 0xFA8A, 0xFA8B, 0xFA8C, 0xFA8D, 0xFA8E, 0xFA8F, 0xFA90, 0xFA91, 0xFA92, 0xFA93,
		0xFA94, 0xFA95, 0xFA96, 0xFA97, 0xFA98, 0xFA99, 0xFA9A, 0xFA9B, 0xFA9C, 0xFA9D, 0xFA9E, 0xFA9F,
		0xFAA0, 0xFAA1, 0xFAA2, 0xFAA3, 0xFAA4, 0xFAA5, 0xFAA6, 0xFAA7, 0xFAA8, 0xFAA9, 0xFAAA, 0xFAAB,
		0xFAAC, 0xFAAD, 0xFAAE, 0xFAAF, 0xFAB0, 0xFAB1, 0xFAB2, 0xFAB3, 0xFAB4, 0xFAB5, 0xFAB6, 0xFAB7,
		0xFAB8, 0xFAB9, 0xFABA, 0xFABB, 0xFABC, 0xFABD, 0xFABE, 0xFABF, 0xFAC0, 0xFAC1, 0xFAC2, 0xFAC3,
		0xFAC4, 0xFAC5, 0xFAC6, 0xFAC7, 0xFAC8, 0xFAC9, 0xFACA, 0xFACB, 0xFACC, 0xFACD, 0xFACE, 0xFACF,
		0xFAD0, 0xFAD1, 0xFAD2, 0xFAD3, 0xFAD4, 0xFAD5, 0xFAD6, 0xFAD7, 0xFAD8, 0xFAD9, 0xFB00, 0xFB01,
		0xFB02, 0xFB03, 0xFB04, 0xFB06, 0xFB13, 0xFB14, 0xFB15, 0xFB16, 0xFB17, 0xFB20, 0xFB21, 0xFB22,
		0xFB23, 0xFB24, 0xFB25, 0xFB26, 0xFB27, 0xFB28, 0xFB29, 0xFB2B, 0xFB2D, 0xFB2F, 0xFB30, 0xFB39,
		0xFB49, 0xFB4F, 0xFB50, 0xFB51, 0xFB52, 0xFB53, 0xFB54, 0xFB55, 0xFB56, 0xFB57, 0xFB58, 0xFB59,
		0xFB5A, 0xFB5B, 0xFB5C, 0xFB5D, 0xFB5E, 0xFB5F, 0xFB60, 0xFB61, 0xFB62, 0xFB63, 0xFB64, 0xFB65,
		0xFB66, 0xFB67, 0xFB68, 0xFB69, 0xFB6A, 0xFB6B, 0xFB6C, 0xFB6D, 0xFB6E, 0xFB6F, 0xFB70, 0xFB71,
		0xFB72, 0xFB73, 0xFB74, 0xFB75, 0xFB76, 0xFB77, 0xFB78, 0xFB79, 0xFB7A, 0xFB7B, 0xFB7C, 0xFB7D,
		0xFB7E, 0xFB7F, 0xFB80, 0xFB81, 0xFB82, 0xFB83, 0xFB84, 0xFB85, 0xFB86, 0xFB87, 0xFB88, 0xFB89,
		0xFB8A, 0xFB8B, 0xFB8C, 0xFB8D, 0xFB8E, 0xFB8F, 0xFB90, 0xFB91, 0xFB92, 0xFB93, 0xFB94, 0xFB95,
		0xFB96, 0xFB97, 0xFB98, 0xFB99, 0xFB9A, 0xFB9B, 0xFB9C, 0xFB9D, 0xFB9E, 0xFB9F, 0xFBA0, 0xFBA1,
		0xFBA2, 0xFBA3, 0xFBA4, 0xFBA5, 0xFBA6, 0xFBA7, 0xFBA8, 0xFBA9, 0xFBAA, 0xFBAB, 0xFBAC, 0xFBAD,
		0xFBAE, 0xFBAF, 0xFBB0, 0xFBB1, 0xFBD3, 0xFBD4, 0xFBD5, 0xFBD6, 0xFBD7, 0xFBD8, 0xFBD9, 0xFBDA,
		0xFBDB, 0xFBDC, 0xFBDD, 0xFBDE, 0xFBDF, 0xFBE0, 0xFBE1, 0xFBE2, 0xFBE3, 0xFBE4, 0xFBE5, 0xFBE6,
		0xFBE7, 0xFBE8, 0xFBE9, 0xFBEA, 0xFBEB, 0xFBEC, 0xFBED, 0xFBEE, 0xFBEF, 0xFBF0, 0xFBF1, 0xFBF2,
		0xFBF3, 0xFBF4, 0xFBF5, 0xFBF6, 0xFBF7, 0xFBF8, 0xFBF9, 0xFBFA, 0xFBFB, 0xFBFC, 0xFBFD, 0xFBFE,
		0xFBFF, 0xFC00, 0xFC01, 0xFC02, 0xFC03, 0xFC04, 0xFC05, 0xFC06, 0xFC07, 0xFC08, 0xFC09, 0xFC0A,
		0xFC0B, 0xFC0C, 0xFC0D, 0xFC0E, 0xFC0F, 0xFC10, 0xFC11, 0xFC12, 0xFC13, 0xFC14, 0xFC15, 0xFC16,
		0xFC17, 0xFC18, 0xFC19, 0xFC1A, 0xFC1B, 0xFC1C, 0xFC1D, 0xFC1E, 0xFC1F, 0xFC20, 0xFC21, 0xFC22,
		0xFC23, 0xFC24, 0xFC25, 0xFC26, 0xFC27, 0xFC28, 0xFC29, 0xFC2A, 0xFC2B, 0xFC2C, 0xFC2D, 0xFC2E,
		0xFC2F, 0xFC30, 0xFC31, 0xFC32, 0xFC33, 0xFC34, 0xFC35, 0xFC36, 0xFC37, 0xFC38, 0xFC39, 0xFC3A,
		0xFC3B, 0xFC3C, 0xFC3D, 0xFC3E, 0xFC3F, 0xFC40, 0xFC41, 0xFC42, 0xFC43, 0xFC44, 0xFC45, 0xFC46,
		0xFC47, 0xFC48, 0xFC49, 0xFC4A, 0xFC4B, 0xFC4C, 0xFC4D, 0xFC4E, 0xFC4F, 0xFC50, 0xFC51, 0xFC52,
		0xFC53, 0xFC54, 0xFC55, 0xFC56, 0xFC57, 0xFC58, 0xFC59, 0xFC5A, 0xFC5B, 0xFC5C, 0xFC5D, 0xFC5E,
		0xFC5F, 0xFC60, 0xFC61, 0xFC62, 0xFC63, 0xFC64, 0xFC65, 0xFC66, 0xFC67, 0xFC68, 0xFC69, 0xFC6A,
		0xFC6B, 0xFC6C, 0xFC6D, 0xFC6E, 0xFC6F, 0xFC70, 0xFC71, 0xFC72, 0xFC73, 0xFC74, 0xFC75, 0xFC76,
		0xFC77, 0xFC78, 0xFC79, 0xFC7A, 0xFC7B, 0xFC7C, 0xFC7D, 0xFC7E, 0xFC7F, 0xFC80, 0xFC81, 0xFC82,
		0xFC83, 0xFC84, 0xFC85, 0xFC86, 0xFC87, 0xFC88, 0xFC89, 0xFC8A, 0xFC8B, 0xFC8C, 0xFC8D, 0xFC8E,
		0xFC8F, 0xFC90, 0xFC91, 0xFC92, 0xFC93, 0xFC94, 0xFC95, 0xFC96, 0xFC97, 0xFC98, 0xFC99, 0xFC9A,
		0xFC9B, 0xFC9C, 0xFC9D, 0xFC9E, 0xFC9F, 0xFCA0, 0xFCA1, 0xFCA2, 0xFCA3, 0xFCA4, 0xFCA5, 0xFCA6,
		0xFCA7, 0xFCA8, 0xFCA9, 0xFCAA, 0xFCAB, 0xFCAC, 0xFCAD, 0xFCAE, 0xFCAF, 0xFCB0, 0xFCB1, 0xFCB2,
		0xFCB3, 0xFCB4, 0xFCB5, 0xFCB6, 0xFCB7, 0xFCB8, 0xFCB9, 0xFCBA, 0xFCBB, 0xFCBC, 0xFCBD, 0xFCBE,
		0xFCBF, 0xFCC0, 0xFCC1, 0xFCC2, 0xFCC3, 0xFCC4, 0xFCC5, 0xFCC6, 0xFCC7, 0xFCC8, 0xFCC9, 0xFCCA,
		0xFCCB, 0xFCCC, 0xFCCD, 0xFCCE, 0xFCCF, 0xFCD0, 0xFCD1, 0xFCD2, 0xFCD3, 0xFCD4, 0xFCD5, 0xFCD6,
		0xFCD7, 0xFCD8, 0xFCD9, 0xFCDA, 0xFCDB, 0xFCDC, 0xFCDD, 0xFCDE, 0xFCDF, 0xFCE0, 0xFCE1, 0xFCE2,
		0xFCE3, 0xFCE4, 0xFCE5, 0xFCE6, 0xFCE7, 0xFCE8, 0xFCE9, 0xFCEA, 0xFCEB, 0xFCEC, 0xFCED, 0xFCEE,
		0xFCEF, 0xFCF0, 0xFCF1, 0xFCF2, 0xFCF3, 0xFCF4, 0xFCF5, 0xFCF6, 0xFCF7, 0xFCF8, 0xFCF9, 0xFCFA,
		0xFCFB, 0xFCFC, 0xFCFD, 0xFCFE, 0xFCFF, 0xFD00, 0xFD01, 0xFD02, 0xFD03, 0xFD04, 0xFD05, 0xFD06,
		0xFD07, 0xFD08, 0xFD09, 0xFD0A, 0xFD0B, 0xFD0C, 0xFD0D, 0xFD0E, 0xFD0F, 0xFD10, 0xFD11, 0xFD12,
		0xFD13, 0xFD14, 0xFD15, 0xFD16, 0xFD17, 0xFD18, 0xFD19, 0xFD1A, 0xFD1B, 0xFD1C, 0xFD1D, 0xFD1E,
		0xFD1F, 0xFD20, 0xFD21, 0xFD22, 0xFD23, 0xFD24, 0xFD25, 0xFD26, 0xFD27, 0xFD28, 0xFD29, 0xFD2A,
		0xFD2B, 0xFD2C, 0xFD2D, 0xFD2E, 0xFD2F, 0xFD30, 0xFD31, 0xFD32, 0xFD33, 0xFD34, 0xFD35, 0xFD36,
		0xFD37, 0xFD38, 0xFD39, 0xFD3A, 0xFD3B, 0xFD3C, 0xFD3D, 0xFD3E, 0xFD3F, 0xFD50, 0xFD51, 0xFD52,
		0xFD53, 0xFD54, 0xFD55, 0xFD56, 0xFD57, 0xFD58, 0xFD59, 0xFD5A, 0xFD5B, 0xFD5C, 0xFD5D, 0xFD5E,
		0xFD5F, 0xFD60, 0xFD61, 0xFD62, 0xFD63, 0xFD64, 0xFD65, 0xFD66, 0xFD67, 0xFD68, 0xFD69, 0xFD6A,
		0xFD6B, 0xFD6C, 0xFD6D, 0xFD6E, 0xFD6F, 0xFD70, 0xFD71, 0xFD72, 0xFD73, 0xFD74, 0xFD75, 0xFD76,
		0xFD77, 0xFD78, 0xFD79, 0xFD7A, 0xFD7B, 0xFD7C, 0xFD7D, 0xFD7E, 0xFD7F, 0xFD80, 0xFD81, 0xFD82,
		0xFD83, 0xFD84, 0xFD85, 0xFD86, 0xFD87, 0xFD88, 0xFD89, 0xFD8A, 0xFD8B, 0xFD8C, 0xFD8D, 0xFD8E,
		0xFD8F, 0xFD92, 0xFD93, 0xFD94, 0xFD95, 0xFD96, 0xFD97, 0xFD98, 0xFD99, 0xFD9A, 0xFD9B, 0xFD9C,
		0xFD9D, 0xFD9E, 0xFD9F, 0xFDA0, 0xFDA1, 0xFDA2, 0xFDA3, 0xFDA4, 0xFDA5, 0xFDA6, 0xFDA7, 0xFDA8,
		0xFDA9, 0xFDAA, 0xFDAB, 0xFDAC, 0xFDAD, 0xFDAE, 0xFDAF, 0xFDB0, 0xFDB1, 0xFDB2, 0xFDB3, 0xFDB4,
		0xFDB5, 0xFDB6, 0xFDB7, 0xFDB8, 0xFDB9, 0xFDBA, 0xFDBB, 0xFDBC, 0xFDBD, 0xFDBE, 0xFDBF, 0xFDC0,
		0xFDC1, 0xFDC2, 0xFDC3, 0xFDC4, 0xFDC5, 0xFDC6, 0xFDC7, 0xFDF0, 0xFDF1, 0xFDF2, 0xFDF3, 0xFDF4,
		0xFDF5, 0xFDF6, 0xFDF7, 0xFDF8, 0xFDF9, 0xFDFA, 0xFDFB, 0xFDFC, 0xFE19, 0xFE30, 0xFE31, 0xFE34,
		0xFE35, 0xFE36, 0xFE37, 0xFE38, 0xFE39, 0xFE3A, 0xFE49, 0xFE4A, 0xFE4B, 0xFE4C, 0xFE4D, 0xFE4E,
		0xFE4F, 0xFE58, 0xFE68, 0xFE80, 0xFE81, 0xFE82, 0xFE83, 0xFE84, 0xFE85, 0xFE86, 0xFE87, 0xFE88,
		0xFE89, 0xFE8A, 0xFE8B, 0xFE8C, 0xFE8D, 0xFE8E, 0xFE8F, 0xFE90, 0xFE91, 0xFE92, 0xFE93, 0xFE94,
		0xFE95, 0xFE96, 0xFE97, 0xFE98, 0xFE99, 0xFE9A, 0xFE9B, 0xFE9C, 0xFE9D, 0xFE9E, 0xFE9F, 0xFEA0,
		0xFEA1, 0xFEA2, 0xFEA3, 0xFEA4, 0xFEA5, 0xFEA6, 0xFEA7, 0xFEA8, 0xFEA9, 0xFEAA, 0xFEAB, 0xFEAC,
		0xFEAD, 0xFEAE, 0xFEAF, 0xFEB0, 0xFEB1, 0xFEB2, 0xFEB3, 0xFEB4, 0xFEB5, 0xFEB6, 0xFEB7, 0xFEB8,
		0xFEB9, 0xFEBA, 0xFEBB, 0xFEBC, 0xFEBD, 0xFEBE, 0xFEBF, 0xFEC0, 0xFEC1, 0xFEC2, 0xFEC3, 0xFEC4,
		0xFEC5, 0xFEC6, 0xFEC7, 0xFEC8, 0xFEC9, 0xFECA, 0xFECB, 0xFECC, 0xFECD, 0xFECE, 0xFECF, 0xFED0,
		0xFED1, 0xFED2, 0xFED3, 0xFED4, 0xFED5, 0xFED6, 0xFED7, 0xFED8, 0xFED9, 0xFEDA, 0xFEDB, 0xFEDC,
		0xFEDD, 0xFEDE, 0xFEDF, 0xFEE0, 0xFEE1, 0xFEE2, 0xFEE3, 0xFEE4, 0xFEE5, 0xFEE6, 0xFEE7, 0xFEE8,
		0xFEE9, 0xFEEA, 0xFEEB, 0xFEEC, 0xFEED, 0xFEEE, 0xFEEF, 0xFEF0, 0xFEF1, 0xFEF2, 0xFEF3, 0xFEF4,
		0xFEF5, 0xFEF6, 0xFEF7, 0xFEF8, 0xFEF9, 0xFEFA, 0xFEFB, 0xFEFC, 0xFF01, 0xFF02, 0xFF07, 0xFF0D,
		0xFF1A, 0xFF21, 0xFF22, 0xFF23, 0xFF25, 0xFF28, 0xFF29, 0xFF2A, 0xFF2B, 0xFF2D, 0xFF2E, 0xFF2F,
		0xFF30, 0xFF33, 0xFF34, 0xFF38, 0xFF39, 0xFF3A, 0xFF3B, 0xFF3C, 0xFF3D, 0xFF3E, 0xFF40, 0xFF41,
		0xFF43, 0xFF45, 0xFF47, 0xFF48, 0xFF49, 0xFF4A, 0xFF4C, 0xFF4F, 0xFF50, 0xFF53, 0xFF56, 0xFF58,
		0xFF59, 0xFF5C, 0xFF5E, 0xFF65, 0xFFE3, 0xFFE8, 0xFFED, 0x10101, 0x1018E, 0x10196, 0x10197, 0x10198,
		0x10199, 0x101A0, 0x10282, 0x10285, 0x10286, 0x10287, 0x1028A, 0x1028D, 0x10290, 0x10292, 0x10294, 0x10295,
		0x10296, 0x10297, 0x1029B, 0x102A0, 0x102A1, 0x102A2, 0x102A3, 0x102A5, 0x102AB, 0x102AD, 0x102B0, 0x102B1,
		0x102B2, 0x102B3, 0x102B4, 0x102B5, 0x102B6, 0x102B8, 0x102CF, 0x102E1, 0x102E4, 0x102E8, 0x102F2, 0x102F5,
		0x10301, 0x10302, 0x10309, 0x10311, 0x10312, 0x10315, 0x10317, 0x1031A, 0x1031F, 0x10320, 0x10322, 0x103D1,
		0x103D3, 0x10401, 0x10404, 0x10411, 0x10415, 0x1041B, 0x1041F, 0x10420, 0x10423, 0x10425, 0x10429, 0x1042A,
		0x1042C, 0x1043D, 0x1043F, 0x10442, 0x10443, 0x10448, 0x1044B, 0x1044D, 0x104A0, 0x104B0, 0x104B4, 0x104BC,
		0x104C2, 0x104C3, 0x104C4, 0x104CD, 0x104CE, 0x104D0, 0x104D1, 0x104D2, 0x104D8, 0x104DB, 0x104EA, 0x104EB,
		0x104F6, 0x104F9, 0x10513, 0x10516, 0x10518, 0x1051C, 0x1051D, 0x10525, 0x10526, 0x10527, 0x10A3A, 0x10A50,
		0x10A57, 0x10CFA, 0x10CFC, 0x110BB, 0x111C7, 0x111CA, 0x111CB, 0x111DB, 0x111DC, 0x111DE, 0x11300, 0x11413,
		0x11419, 0x11424, 0x1142A, 0x1142D, 0x1142F, 0x1144C, 0x11492, 0x11494, 0x11496, 0x11498, 0x11499, 0x1149B,
		0x1149D, 0x1149E, 0x1149F, 0x114A0, 0x114A1, 0x114A2, 0x114A3, 0x114A7, 0x114A8, 0x114A9, 0x114AA, 0x114AB,
		0x114AD, 0x114AE, 0x114B0, 0x114B1, 0x114B9, 0x114BC, 0x114BD, 0x114BE, 0x114BF, 0x114C1, 0x114C2, 0x114C3,
		0x114C4, 0x114C5, 0x114D0, 0x114D1, 0x114D2, 0x114D6, 0x115D8, 0x115D9, 0x115DA, 0x115DB, 0x115DC, 0x115DD,
		0x11642, 0x11700, 0x11706, 0x1170A, 0x1170E, 0x1170F, 0x118A0, 0x118A2, 0x118A3, 0x118A4, 0x118A6, 0x118A8,
		0x118A9, 0x118AC, 0x118AE, 0x118AF, 0x118B2, 0x118B5, 0x118B7, 0x118B8, 0x118BB, 0x118BC, 0x118C0, 0x118C1,
		0x118C2, 0x118C3, 0x118C4, 0x118C6, 0x118C8, 0x118CA, 0x118CC, 0x118CE, 0x118D5, 0x118D6, 0x118D7, 0x118D8,
		0x118DC, 0x118E0, 0x118E3, 0x118E4, 0x118E5, 0x118E6, 0x118E9, 0x118EC, 0x118EF, 0x118F2, 0x11AE6, 0x11AE7,
		0x11AE8, 0x11AE9, 0x11AEA, 0x11AEC, 0x11AED, 0x11AEE, 0x11AF4, 0x11AF5, 0x11AF6, 0x11AF7, 0x11AF8, 0x11C42,
		0x11CB2, 0x12038, 0x132F9, 0x16F07, 0x16F08, 0x16F0A, 0x16F16, 0x16F1A, 0x16F1C, 0x16F26, 0x16F28, 0x16F2D,
		0x16F35, 0x16F3A, 0x16F3B, 0x16F3D, 0x16F3F, 0x16F40, 0x16F42, 0x16F43, 0x16F51, 0x16F52, 0x1CCD6, 0x1CCD7,
		0x1CCD8, 0x1CCD9, 0x1CCDA, 0x1CCDB, 0x1CCDC, 0x1CCDD, 0x1CCDE, 0x1CCDF, 0x1CCE0, 0x1CCE1, 0x1CCE2, 0x1CCE3,
		0x1CCE4, 0x1CCE5, 0x1CCE6, 0x1CCE7, 0x1CCE8, 0x1CCE9, 0x1CCEA, 0x1CCEB, 0x1CCEC, 0x1CCED, 0x1CCEE, 0x1CCEF,
		0x1CCF0, 0x1CCF1, 0x1CCF2, 0x1CCF3, 0x1CCF4, 0x1CCF5, 0x1CCF6, 0x1CCF7, 0x1CCF8, 0x1CCF9, 0x1D114, 0x1D16D,
		0x1D202, 0x1D206, 0x1D20B, 0x1D20D, 0x1D20F, 0x1D212, 0x1D213, 0x1D214, 0x1D215, 0x1D216, 0x1D217, 0x1D21A,
		0x1D21B, 0x1D21C, 0x1D221, 0x1D222, 0x1D22A, 0x1D22B, 0x1D230, 0x1D236, 0x1D237, 0x1D238, 0x1D239, 0x1D23A,
		0x1D23B, 0x1D23F, 0x1D245, 0x1D400, 0x1D401, 0x1D402, 0x1D403, 0x1D404, 0x1D405, 0x1D406, 0x1D407, 0x1D408,
		0x1D409, 0x1D40A, 0x1D40B, 0x1D40C, 0x1D40D, 0x1D40E, 0x1D40F, 0x1D410, 0x1D411, 0x1D412, 0x1D413, 0x1D414,
		0x1D415, 0x1D416, 0x1D417, 0x1D418, 0x1D419, 0x1D41A, 0x1D41B, 0x1D41C, 0x1D41D, 0x1D41E, 0x1D41F, 0x1D420,
		0x1D421, 0x1D422, 0x1D423, 0x1D424, 0x1D425, 0x1D426, 0x1D427, 0x1D428, 0x1D429, 0x1D42A, 0x1D42B, 0x1D42C,
		0x1D42D, 0x1D42E, 0x1D42F, 0x1D430, 0x1D431, 0x1D432, 0x1D433, 0x1D434, 0x1D435, 0x1D436, 0x1D437, 0x1D438,
		0x1D439, 0x1D43A, 0x1D43B, 0x1D43C, 0x1D43D, 0x1D43E, 0x1D43F, 0x1D440, 0x1D441, 0x1D442, 0x1D443, 0x1D444,
		0x1D445, 0x1D446, 0x1D447, 0x1D448, 0x1D449, 0x1D44A, 0x1D44B, 0x1D44C, 0x1D44D, 0x1D44E, 0x1D44F, 0x1D450,
		0x1D451, 0x1D452, 0x1D453, 0x1D454, 0x1D456, 0x1D457, 0x1D458, 0x1D459, 0x1D45A, 0x1D45B, 0x1D45C, 0x1D45D,
		0x1D45E, 0x1D45F, 0x1D460, 0x1D461, 0x1D462, 0x1D463, 0x1D464, 0x1D465, 0x1D466, 0x1D467, 0x1D468, 0x1D469,
		0x1D46A, 0x1D46B, 0x1D46C, 0x1D46D, 0x1D46E, 0x1D46F, 0x1D470, 0x1D471, 0x1D472, 0x1D473, 0x1D474, 0x1D475,
		0x1D476, 0x1D477, 0x1D478, 0x1D479, 0x1D47A, 0x1D47B, 0x1D47C, 0x1D47D, 0x1D47E, 0x1D47F, 0x1D480, 0x1D481,
		0x1D482, 0x1D483, 0x1D484, 0x1D485, 0x1D486, 0x1D487, 0x1D488, 0x1D489, 0x1D48A, 0x1D48B, 0x1D48C, 0x1D48D,
		0x1D48E, 0x1D48F, 0x1D490, 0x1D491, 0x1D492, 0x1D493, 0x1D494, 0x1D495, 0x1D496, 0x1D497, 0x1D498, 0x1D499,
		0x1D49A, 0x1D49B, 0x1D49C, 0x1D49E, 0x1D49F, 0x1D4A2, 0x1D4A5, 0x1D4A6, 0x1D4A9, 0x1D4AA, 0x1D4AB, 0x1D4AC,
		0x1D4AE, 0x1D4AF, 0x1D4B0, 0x1D4B1, 0x1D4B2, 0x1D4B3, 0x1D4B4, 0x1D4B5, 0x1D4B6, 0x1D4B7, 0x1D4B8, 0x1D4B9,
		0x1D4BB, 0x1D4BD, 0x1D4BE, 0x1D4BF, 0x1D4C0, 0x1D4C1, 0x1D4C2, 0x1D4C3, 0x1D4C5, 0x1D4C6, 0x1D4C7, 0x1D4C8,
		0x1D4C9, 0x1D4CA, 0x1D4CB, 0x1D4CC, 0x1D4CD, 0x1D4CE, 0x1D4CF, 0x1D4D0, 0x1D4D1, 0x1D4D2, 0x1D4D3, 0x1D4D4,
		0x1D4D5, 0x1D4D6, 0x1D4D7, 0x1D4D8, 0x1D4D9, 0x1D4DA, 0x1D4DB, 0x1D4DC, 0x1D4DD, 0x1D4DE, 0x1D4DF, 0x1D4E0,
		0x1D4E1, 0x1D4E2, 0x1D4E3, 0x1D4E4, 0x1D4E5, 0x1D4E6, 0x1D4E7, 0x1D4E8, 0x1D4E9, 0x1D4EA, 0x1D4EB, 0x1D4EC,
		0x1D4ED, 0x1D4EE, 0x1D4EF, 0x1D4F0, 0x1D4F1, 0x1D4F2, 0x1D4F3, 0x1D4F4, 0x1D4F5, 0x1D4F6, 0x1D4F7, 0x1D4F8,
		0x1D4F9, 0x1D4FA, 0x1D4FB, 0x1D4FC, 0x1D4FD, 0x1D4FE, 0x1D4FF, 0x1D500, 0x1D501, 0x1D502, 0x1D503, 0x1D504,
		0x1D505, 0x1D507, 0x1D508, 0x1D509, 0x1D50A, 0x1D50D, 0x1D50E, 0x1D50F, 0x1D510, 0x1D511, 0x1D512, 0x1D513,
		0x1D514, 0x1D516, 0x1D517, 0x1D518, 0x1D519, 0x1D51A, 0x1D51B, 0x1D51C, 0x1D51E, 0x1D51F, 0x1D520, 0x1D521,
		0x1D522, 0x1D523, 0x1D524, 0x1D525, 0x1D526, 0x1D527, 0x1D528, 0x1D529, 0x1D52A, 0x1D52B, 0x1D52C, 0x1D52D,
		0x1D52E, 0x1D52F, 0x1D530, 0x1D531, 0x1D532, 0x1D533, 0x1D534, 0x1D535, 0x1D536, 0x1D537, 0x1D538, 0x1D539,
		0x1D53B, 0x1D53C, 0x1D53D, 0x1D53E, 0x1D540, 0x1D541, 0x1D542, 0x1D543, 0x1D544, 0x1D546, 0x1D54A, 0x1D54B,
		0x1D54C, 0x1D54D, 0x1D54E, 0x1D54F, 0x1D550, 0x1D552, 0x1D553, 0x1D554, 0x1D555, 0x1D556, 0x1D557, 0x1D558,
		0x1D559, 0x1D55A, 0x1D55B, 0x1D55C, 0x1D55D, 0x1D55E, 0x1D55F, 0x1D560, 0x1D561, 0x1D562, 0x1D563, 0x1D564,
		0x1D565, 0x1D566, 0x1D567, 0x1D568, 0x1D569, 0x1D56A, 0x1D56B, 0x1D56C, 0x1D56D, 0x1D56E, 0x1D56F, 0x1D570,
		0x1D571, 0x1D572, 0x1D573, 0x1D574, 0x1D575, 0x1D576, 0x1D577, 0x1D578, 0x1D579, 0x1D57A, 0x1D57B, 0x1D57C,
		0x1D57D, 0x1D57E, 0x1D57F, 0x1D580, 0x1D581, 0x1D582, 0x1D583, 0x1D584, 0x1D585, 0x1D586, 0x1D587, 0x1D588,
		0x1D589, 0x1D58A, 0x1D58B, 0x1D58C, 0x1D58D, 0x1D58E, 0x1D58F, 0x1D590, 0x1D591, 0x1D592, 0x1D593, 0x1D594,
		0x1D595, 0x1D596, 0x1D597, 0x1D598, 0x1D599, 0x1D59A, 0x1D59B, 0x1D59C, 0x1D59D, 0x1D59E, 0x1D59F, 0x1D5A0,
		0x1D5A1, 0x1D5A2, 0x1D5A3, 0x1D5A4, 0x1D5A5, 0x1D5A6, 0x1D5A7, 0x1D5A8, 0x1D5A9, 0x1D5AA, 0x1D5AB, 0x1D5AC,
		0x1D5AD, 0x1D5AE, 0x1D5AF, 0x1D5B0, 0x1D5B1, 0x1D5B2, 0x1D5B3, 0x1D5B4, 0x1D5B5, 0x1D5B6, 0x1D5B7, 0x1D5B8,
		0x1D5B9, 0x1D5BA, 0x1D5BB, 0x1D5BC, 0x1D5BD, 0x1D5BE, 0x1D5BF, 0x1D5C0, 0x1D5C1, 0x1D5C2, 0x1D5C3, 0x1D5C4,
		0x1D5C5, 0x1D5C6, 0x1D5C7, 0x1D5C8, 0x1D5C9, 0x1D5CA, 0x1D5CB, 0x1D5CC, 0x1D5CD, 0x1D5CE, 0x1D5CF, 0x1D5D0,
		0x1D5D1, 0x1D5D2, 0x1D5D3, 0x1D5D4, 0x1D5D5, 0x1D5D6, 0x1D5D7, 0x1D5D8, 0x1D5D9, 0x1D5DA, 0x1D5DB, 0x1D5DC,
		0x1D5DD, 0x1D5DE, 0x1D5DF, 0x1D5E0, 0x1D5E1, 0x1D5E2, 0x1D5E3, 0x1D5E4, 0x1D5E5, 0x1D5E6, 0x1D5E7, 0x1D5E8,
		0x1D5E9, 0x1D5EA, 0x1D5EB, 0x1D5EC, 0x1D5ED, 0x1D5EE, 0x1D5EF, 0x1D5F0, 0x1D5F1, 0x1D5F2, 0x1D5F3, 0x1D5F4,
		0x1D5F5, 0x1D5F6, 0x1D5F7, 0x1D5F8, 0x1D5F9, 0x1D5FA, 0x1D5FB, 0x1D5FC, 0x1D5FD, 0x1D5FE, 0x1D5FF, 0x1D600,
		0x1D601, 0x1D602, 0x1D603, 0x1D604, 0x1D605, 0x1D606, 0x1D607, 0x1D608, 0x1D609, 0x1D60A, 0x1D60B, 0x1D60C,
		0x1D60D, 0x1D60E, 0x1D60F, 0x1D610, 0x1D611, 0x1D612, 0x1D613, 0x1D614, 0x1D615, 0x1D616, 0x1D617, 0x1D618,
		0x1D619, 0x1D61A, 0x1D61B, 0x1D61C, 0x1D61D, 0x1D61E, 0x1D61F, 0x1D620, 0x1D621, 0x1D622, 0x1D623, 0x1D624,
		0x1D625, 0x1D626, 0x1D627, 0x1D628, 0x1D629, 0x1D62A, 0x1D62B, 0x1D62C, 0x1D62D, 0x1D62E, 0x1D62F, 0x1D630,
		0x1D631, 0x1D632, 0x1D633, 0x1D634, 0x1D635, 0x1D636, 0x1D637, 0x1D638, 0x1D639, 0x1D63A, 0x1D63B, 0x1D63C,
		0x1D63D, 0x1D63E, 0x1D63F, 0x1D640, 0x1D641, 0x1D642, 0x1D643, 0x1D644, 0x1D645, 0x1D646, 0x1D647, 0x1D648,
		0x1D649, 0x1D64A, 0x1D64B, 0x1D64C, 0x1D64D, 0x1D64E, 0x1D64F, 0x1D650, 0x1D651, 0x1D652, 0x1D653, 0x1D654,
		0x1D655, 0x1D656, 0x1D657, 0x1D658, 0x1D659, 0x1D65A, 0x1D65B, 0x1D65C, 0x1D65D, 0x1D65E, 0x1D65F, 0x1D660,
		0x1D661, 0x1D662, 0x1D663, 0x1D664, 0x1D665, 0x1D666, 0x1D667, 0x1D668, 0x1D669, 0x1D66A, 0x1D66B, 0x1D66C,
		0x1D66D, 0x1D66E, 0x1D66F, 0x1D670, 0x1D671, 0x1D672, 0x1D673, 0x1D674, 0x1D675, 0x1D676, 0x1D677, 0x1D678,
		0x1D679, 0x1D67A, 0x1D67B, 0x1D67C, 0x1D67D, 0x1D67E, 0x1D67F, 0x1D680, 0x1D681, 0x1D682, 0x1D683, 0x1D684,
		0x1D685, 0x1D686, 0x1D687, 0x1D688, 0x1D689, 0x1D68A, 0x1D68B, 0x1D68C, 0x1D68D, 0x1D68E, 0x1D68F, 0x1D690,
		0x1D691, 0x1D692, 0x1D693, 0x1D694, 0x1D695, 0x1D696, 0x1D697, 0x1D698, 0x1D699, 0x1D69A, 0x1D69B, 0x1D69C,
		0x1D69D, 0x1D69E, 0x1D69F, 0x1D6A0, 0x1D6A1, 0x1D6A2, 0x1D6A3, 0x1D6A4, 0x1D6A5, 0x1D6A8, 0x1D6A9, 0x1D6AA,
		0x1D6AB, 0x1D6AC, 0x1D6AD, 0x1D6AE, 0x1D6AF, 0x1D6B0, 0x1D6B1, 0x1D6B2, 0x1D6B3, 0x1D6B4, 0x1D6B5, 0x1D6B6,
		0x1D6B7, 0x1D6B8, 0x1D6B9, 0x1D6BA, 0x1D6BB, 0x1D6BC, 0x1D6BD, 0x1D6BE, 0x1D6BF, 0x1D6C0, 0x1D6C1, 0x1D6C2,
		0x1D6C3, 0x1D6C4, 0x1D6C5, 0x1D6C6, 0x1D6C7, 0x1D6C8, 0x1D6C9, 0x1D6CA, 0x1D6CB, 0x1D6CC, 0x1D6CD, 0x1D6CE,
		0x1D6CF, 0x1D6D0, 0x1D6D1, 0x1D6D2, 0x1D6D3, 0x1D6D4, 0x1D6D5, 0x1D6D6, 0x1D6D7, 0x1D6D8, 0x1D6D9, 0x1D6DA,
		0x1D6DB, 0x1D6DC, 0x1D6DD, 0x1D6DE, 0x1D6DF, 0x1D6E0, 0x1D6E1, 0x1D6E2, 0x1D6E3, 0x1D6E4, 0x1D6E5, 0x1D6E6,
		0x1D6E7, 0x1D6E8, 0x1D6E9, 0x1D6EA, 0x1D6EB, 0x1D6EC, 0x1D6ED, 0x1D6EE, 0x1D6EF, 0x1D6F0, 0x1D6F1, 0x1D6F2,
		0x1D6F3, 0x1D6F4, 0x1D6F5, 0x1D6F6, 0x1D6F7, 0x1D6F8, 0x1D6F9, 0x1D6FA, 0x1D6FB, 0x1D6FC, 0x1D6FD, 0x1D6FE,
		0x1D6FF, 0x1D700, 0x1D701, 0x1D702, 0x1D703, 0x1D704, 0x1D705, 0x1D706, 0x1D707, 0x1D708, 0x1D709, 0x1D70A,
		0x1D70B, 0x1D70C, 0x1D70D, 0x1D70E, 0x1D70F, 0x1D710, 0x1D711, 0x1D712, 0x1D713, 0x1D714, 0x1D715, 0x1D716,
		0x1D717, 0x1D718, 0x1D719, 0x1D71A, 0x1D71B, 0x1D71C, 0x1D71D, 0x1D71E, 0x1D71F, 0x1D720, 0x1D721, 0x1D722,
		0x1D723, 0x1D724, 0x1D725, 0x1D726, 0x1D727, 0x1D728, 0x1D729, 0x1D72A, 0x1D72B, 0x1D72C, 0x1D72D, 0x1D72E,
		0x1D72F, 0x1D730, 0x1D731, 0x1D732, 0x1D733, 0x1D734, 0x1D735, 0x1D736, 0x1D737, 0x1D738, 0x1D739, 0x1D73A,
		0x1D73B, 0x1D73C, 0x1D73D, 0x1D73E, 0x1D73F, 0x1D740, 0x1D741, 0x1D742, 0x1D743, 0x1D744, 0x1D745, 0x1D746,
		0x1D747, 0x1D748, 0x1D749, 0x1D74A, 0x1D74B, 0x1D74C, 0x1D74D, 0x1D74E, 0x1D74F, 0x1D750, 0x1D751, 0x1D752,
		0x1D753, 0x1D754, 0x1D755, 0x1D756, 0x1D757, 0x1D758, 0x1D759, 0x1D75A, 0x1D75B, 0x1D75C, 0x1D75D, 0x1D75E,
		0x1D75F, 0x1D760, 0x1D761, 0x1D762, 0x1D763, 0x1D764, 0x1D765, 0x1D766, 0x1D767, 0x1D768, 0x1D769, 0x1D76A,
		0x1D76B, 0x1D76C, 0x1D76D, 0x1D76E, 0x1D76F, 0x1D770, 0x1D771, 0x1D772, 0x1D773, 0x1D774, 0x1D775, 0x1D776,
		0x1D777, 0x1D778, 0x1D779, 0x1D77A, 0x1D77B, 0x1D77C, 0x1D77D, 0x1D77E, 0x1D77F, 0x1D780, 0x1D781, 0x1D782,
		0x1D783, 0x1D784, 0x1D785, 0x1D786, 0x1D787, 0x1D788, 0x1D789, 0x1D78A, 0x1D78B, 0x1D78C, 0x1D78D, 0x1D78E,
		0x1D78F, 0x1D790, 0x1D791, 0x1D792, 0x1D793, 0x1D794, 0x1D795, 0x1D796, 0x1D797, 0x1D798, 0x1D799, 0x1D79A,
		0x1D79B, 0x1D79C, 0x1D79D, 0x1D79E, 0x1D79F, 0x1D7A0, 0x1D7A1, 0x1D7A2, 0x1D7A3, 0x1D7A4, 0x1D7A5, 0x1D7A6,
		0x1D7A7, 0x1D7A8, 0x1D7A9, 0x1D7AA, 0x1D7AB, 0x1D7AC, 0x1D7AD, 0x1D7AE, 0x1D7AF, 0x1D7B0, 0x1D7B1, 0x1D7B2,
		0x1D7B3, 0x1D7B4, 0x1D7B5, 0x1D7B6, 0x1D7B7, 0x1D7B8, 0x1D7B9, 0x1D7BA, 0x1D7BB, 0x1D7BC, 0x1D7BD, 0x1D7BE,
		0x1D7BF, 0x1D7C0, 0x1D7C1, 0x1D7C2, 0x1D7C3, 0x1D7C4, 0x1D7C5, 0x1D7C6, 0x1D7C7, 0x1D7C8, 0x1D7C9, 0x1D7CA,
		0x1D7CB, 0x1D7CE, 0x1D7CF, 0x1D7D0, 0x1D7D1, 0x1D7D2, 0x1D7D3, 0x1D7D4, 0x1D7D5, 0x1D7D6, 0x1D7D7, 0x1D7D8,
		0x1D7D9, 0x1D7DA, 0x1D7DB, 0x1D7DC, 0x1D7DD, 0x1D7DE, 0x1D7DF, 0x1D7E0, 0x1D7E1, 0x1D7E2, 0x1D7E3, 0x1D7E4,
		0x1D7E5, 0x1D7E6, 0x1D7E7, 0x1D7E8, 0x1D7E9, 0x1D7EA, 0x1D7EB, 0x1D7EC, 0x1D7ED, 0x1D7EE, 0x1D7EF, 0x1D7F0,
		0x1D7F1, 0x1D7F2, 0x1D7F3, 0x1D7F4, 0x1D7F5, 0x1D7F6, 0x1D7F7, 0x1D7F8, 0x1D7F9, 0x1D7FA, 0x1D7FB, 0x1D7FC,
		0x1D7FD, 0x1D7FE, 0x1D7FF, 0x1E8C7, 0x1E8C8, 0x1E8C9, 0x1E8CB, 0x1E8CC, 0x1E8CD, 0x1EE00, 0x1EE01, 0x1EE02,
		0x1EE03, 0x1EE05, 0x1EE06, 0x1EE07, 0x1EE08, 0x1EE09, 0x1EE0A, 0x1EE0B, 0x1EE0C, 0x1EE0D, 0x1EE0E, 0x1EE0F,
		0x1EE10, 0x1EE11, 0x1EE12, 0x1EE13, 0x1EE14, 0x1EE15, 0x1EE16, 0x1EE17, 0x1EE18, 0x1EE19, 0x1EE1A, 0x1EE1B,
		0x1EE1C, 0x1EE1D, 0x1EE1E, 0x1EE1F, 0x1EE21, 0x1EE22, 0x1EE24, 0x1EE27, 0x1EE29, 0x1EE2A, 0x1EE2B, 0x1EE2C,
		0x1EE2D, 0x1EE2E, 0x1EE2F, 0x1EE30, 0x1EE31, 0x1EE32, 0x1EE34, 0x1EE35, 0x1EE36, 0x1EE37, 0x1EE39, 0x1EE3B,
		0x1EE42, 0x1EE47, 0x1EE49, 0x1EE4B, 0x1EE4D, 0x1EE4E, 0x1EE4F, 0x1EE51, 0x1EE52, 0x1EE54, 0x1EE57, 0x1EE59,
		0x1EE5B, 0x1EE5D, 0x1EE5F, 0x1EE61, 0x1EE62, 0x1EE64, 0x1EE67, 0x1EE68, 0x1EE69, 0x1EE6A, 0x1EE6C, 0x1EE6D,
		0x1EE6E, 0x1EE6F, 0x1EE70, 0x1EE71, 0x1EE72, 0x1EE74, 0x1EE75, 0x1EE76, 0x1EE77, 0x1EE79, 0x1EE7A, 0x1EE7B,
		0x1EE7C, 0x1EE7E, 0x1EE80, 0x1EE81, 0x1EE82, 0x1EE83, 0x1EE84, 0x1EE85, 0x1EE86, 0x1EE87, 0x1EE88, 0x1EE89,
		0x1EE8B, 0x1EE8C, 0x1EE8D, 0x1EE8E, 0x1EE8F, 0x1EE90, 0x1EE91, 0x1EE92, 0x1EE93, 0x1EE94, 0x1EE95, 0x1EE96,
		0x1EE97, 0x1EE98, 0x1EE99, 0x1EE9A, 0x1EE9B, 0x1EEA1, 0x1EEA2, 0x1EEA3, 0x1EEA5, 0x1EEA6, 0x1EEA7, 0x1EEA8,
		0x1EEA9, 0x1EEAB, 0x1EEAC, 0x1EEAD, 0x1EEAE, 0x1EEAF, 0x1EEB0, 0x1EEB1, 0x1EEB2, 0x1EEB3, 0x1EEB4, 0x1EEB5,
		0x1EEB6, 0x1EEB7, 0x1EEB8, 0x1EEB9, 0x1EEBA, 0x1EEBB, 0x1F100, 0x1F101, 0x1F102, 0x1F103, 0x1F104, 0x1F105,
		0x1F106, 0x1F107, 0x1F108, 0x1F109, 0x1F10A, 0x1F10F, 0x1F110, 0x1F111, 0x1F112, 0x1F113, 0x1F114, 0x1F115,
		0x1F116, 0x1F117, 0x1F118, 0x1F119, 0x1F11A, 0x1F11B, 0x1F11C, 0x1F11D, 0x1F11E, 0x1F11F, 0x1F120, 0x1F121,
		0x1F122, 0x1F123, 0x1F124, 0x1F125, 0x1F126, 0x1F127, 0x1F128, 0x1F129, 0x1F12A, 0x1F16D, 0x1F16E, 0x1F240,
		0x1F241, 0x1F242, 0x1F243, 0x1F244, 0x1F245, 0x1F246, 0x1F247, 0x1F248, 0x1F312, 0x1F318, 0x1F319, 0x1F700,
		0x1F701, 0x1F702, 0x1F704, 0x1F707, 0x1F708, 0x1F70A, 0x1F714, 0x1F728, 0x1F73A, 0x1F74C, 0x1F754, 0x1F755,
		0x1F75C, 0x1F75E, 0x1F768, 0x1F76B, 0x1F76C, 0x1F771, 0x1FBF0, 0x1FBF1, 0x1FBF2, 0x1FBF3, 0x1FBF4, 0x1FBF5,
		0x1FBF6, 0x1FBF7, 0x1FBF8, 0x1FBF9, 0x21FE8, 0x2F800, 0x2F801, 0x2F802, 0x2F803, 0x2F804, 0x2F805, 0x2F806,
		0x2F807, 0x2F808, 0x2F809, 0x2F80A, 0x2F80B, 0x2F80C, 0x2F80D, 0x2F80E, 0x2F80F, 0x2F810, 0x2F811, 0x2F812,
		0x2F813, 0x2F814, 0x2F815, 0x2F816, 0x2F817, 0x2F818, 0x2F819, 0x2F81A, 0x2F81B, 0x2F81C, 0x2F81D, 0x2F81E,
		0x2F81F, 0x2F820, 0x2F821, 0x2F822, 0x2F823, 0x2F824, 0x2F825, 0x2F826, 0x2F827, 0x2F828, 0x2F829, 0x2F82A,
		0x2F82B, 0x2F82C, 0x2F82D, 0x2F82E, 0x2F82F, 0x2F830, 0x2F831, 0x2F832, 0x2F833, 0x2F834, 0x2F835, 0x2F836,
		0x2F837, 0x2F838, 0x2F839, 0x2F83A, 0x2F83B, 0x2F83C, 0x2F83D, 0x2F83E, 0x2F83F, 0x2F840, 0x2F841, 0x2F842,
		0x2F843, 0x2F844, 0x2F845, 0x2F846, 0x2F847, 0x2F848, 0x2F849, 0x2F84A, 0x2F84B, 0x2F84C, 0x2F84D, 0x2F84E,
		0x2F84F, 0x2F850, 0x2F851, 0x2F852, 0x2F853, 0x2F854, 0x2F855, 0x2F856, 0x2F857, 0x2F858, 0x2F859, 0x2F85A,
		0x2F85B, 0x2F85C, 0x2F85D, 0x2F85E, 0x2F85F, 0x2F860, 0x2F861, 0x2F862, 0x2F863, 0x2F864, 0x2F865, 0x2F866,
		0x2F867, 0x2F868, 0x2F869, 0x2F86A, 0x2F86B, 0x2F86C, 0x2F86D, 0x2F86E, 0x2F86F, 0x2F870, 0x2F871, 0x2F872,
		0x2F873, 0x2F874, 0x2F875, 0x2F876, 0x2F877, 0x2F878, 0x2F879, 0x2F87A, 0x2F87B, 0x2F87C, 0x2F87D, 0x2F87E,
		0x2F87F, 0x2F880, 0x2F881, 0x2F882, 0x2F883, 0x2F884, 0x2F885, 0x2F886, 0x2F887, 0x2F888, 0x2F889, 0x2F88A,
		0x2F88B, 0x2F88C, 0x2F88D, 0x2F88E, 0x2F88F, 0x2F890, 0x2F891, 0x2F892, 0x2F893, 0x2F894, 0x2F895, 0x2F896,
		0x2F897, 0x2F898, 0x2F899, 0x2F89A, 0x2F89B, 0x2F89C, 0x2F89D, 0x2F89E, 0x2F89F, 0x2F8A0, 0x2F8A1, 0x2F8A2,
		0x2F8A3, 0x2F8A4, 0x2F8A5, 0x2F8A6, 0x2F8A7, 0x2F8A8, 0x2F8A9, 0x2F8AA, 0x2F8AB, 0x2F8AC, 0x2F8AD, 0x2F8AE,
		0x2F8AF, 0x2F8B0, 0x2F8B1, 0x2F8B2, 0x2F8B3, 0x2F8B4, 0x2F8B5, 0x2F8B6, 0x2F8B7, 0x2F8B8, 0x2F8B9, 0x2F8BA,
		0x2F8BB, 0x2F8BC, 0x2F8BD, 0x2F8BE, 0x2F8BF, 0x2F8C0, 0x2F8C1, 0x2F8C2, 0x2F8C3, 0x2F8C4, 0x2F8C5, 0x2F8C6,
		0x2F8C7, 0x2F8C8, 0x2F8C9, 0x2F8CA, 0x2F8CB, 0x2F8CC, 0x2F8CD, 0x2F8CE, 0x2F8CF, 0x2F8D0, 0x2F8D1, 0x2F8D2,
		0x2F8D3, 0x2F8D4, 0x2F8D5, 0x2F8D6, 0x2F8D7, 0x2F8D8, 0x2F8D9, 0x2F8DA, 0x2F8DB, 0x2F8DC, 0x2F8DD, 0x2F8DE,
		0x2F8DF, 0x2F8E0, 0x2F8E1, 0x2F8E2, 0x2F8E3, 0x2F8E4, 0x2F8E5, 0x2F8E6, 0x2F8E7, 0x2F8E8, 0x2F8E9, 0x2F8EA,
		0x2F8EB, 0x2F8EC, 0x2F8ED, 0x2F8EE, 0x2F8EF, 0x2F8F0, 0x2F8F1, 0x2F8F2, 0x2F8F3, 0x2F8F4, 0x2F8F5, 0x2F8F6,
		0x2F8F7, 0x2F8F8, 0x2F8F9, 0x2F8FA, 0x2F8FB, 0x2F8FC, 0x2F8FD, 0x2F8FE, 0x2F8FF, 0x2F900, 0x2F901, 0x2F902,
		0x2F903, 0x2F904, 0x2F905, 0x2F906, 0x2F907, 0x2F908, 0x2F909, 0x2F90A, 0x2F90B, 0x2F90C, 0x2F90D, 0x2F90E,
		0x2F90F, 0x2F910, 0x2F911, 0x2F912, 0x2F913, 0x2F914, 0x2F915, 0x2F916, 0x2F917, 0x2F918, 0x2F919, 0x2F91A,
		0x2F91B, 0x2F91C, 0x2F91D, 0x2F91E, 0x2F91F, 0x2F920, 0x2F921, 0x2F922, 0x2F923, 0x2F924, 0x2F925, 0x2F926,
		0x2F927, 0x2F928, 0x2F929, 0x2F92A, 0x2F92B, 0x2F92C, 0x2F92D, 0x2F92E, 0x2F92F, 0x2F930, 0x2F931, 0x2F932,
		0x2F933, 0x2F934, 0x2F935, 0x2F936, 0x2F937, 0x2F938, 0x2F939, 0x2F93A, 0x2F93B, 0x2F93C, 0x2F93D, 0x2F93E,
		0x2F93F, 0x2F940, 0x2F941, 0x2F942, 0x2F943, 0x2F944, 0x2F945, 0x2F946, 0x2F947, 0x2F948, 0x2F949, 0x2F94A,
		0x2F94B, 0x2F94C, 0x2F94D, 0x2F94E, 0x2F94F, 0x2F950, 0x2F951, 0x2F952, 0x2F953, 0x2F954, 0x2F955, 0x2F956,
		0x2F957, 0x2F958, 0x2F959, 0x2F95A, 0x2F95B, 0x2F95C, 0x2F95D, 0x2F95E, 0x2F95F, 0x2F960, 0x2F961, 0x2F962,
		0x2F963, 0x2F964, 0x2F965, 0x2F966, 0x2F967, 0x2F968, 0x2F969, 0x2F96A, 0x2F96B, 0x2F96C, 0x2F96D, 0x2F96E,
		0x2F96F, 0x2F970, 0x2F971, 0x2F972, 0x2F973, 0x2F974, 0x2F975, 0x2F976, 0x2F977, 0x2F978, 0x2F979, 0x2F97A,
		0x2F97B, 0x2F97C, 0x2F97D, 0x2F97E, 0x2F97F, 0x2F980, 0x2F981, 0x2F982, 0x2F983, 0x2F984, 0x2F985, 0x2F986,
		0x2F987, 0x2F988, 0x2F989, 0x2F98A, 0x2F98B, 0x2F98C, 0x2F98D, 0x2F98E, 0x2F98F, 0x2F990, 0x2F991, 0x2F992,
		0x2F993, 0x2F994, 0x2F995, 0x2F996, 0x2F997, 0x2F998, 0x2F999, 0x2F99A, 0x2F99B, 0x2F99C, 0x2F99D, 0x2F99E,
		0x2F99F, 0x2F9A0, 0x2F9A1, 0x2F9A2, 0x2F9A3, 0x2F9A4, 0x2F9A5, 0x2F9A6, 0x2F9A7, 0x2F9A8, 0x2F9A9, 0x2F9AA,
		0x2F9AB, 0x2F9AC, 0x2F9AD, 0x2F9AE, 0x2F9AF, 0x2F9B0, 0x2F9B1, 0x2F9B2, 0x2F9B3, 0x2F9B4, 0x2F9B5, 0x2F9B6,
		0x2F9B7, 0x2F9B8, 0x2F9B9, 0x2F9BA, 0x2F9BB, 0x2F9BC, 0x2F9BD, 0x2F9BE, 0x2F9BF, 0x2F9C0, 0x2F9C1, 0x2F9C2,
		0x2F9C3, 0x2F9C4, 0x2F9C5, 0x2F9C6, 0x2F9C7, 0x2F9C8, 0x2F9C9, 0x2F9CA, 0x2F9CB, 0x2F9CC, 0x2F9CD, 0x2F9CE,
		0x2F9CF, 0x2F9D0, 0x2F9D1, 0x2F9D2, 0x2F9D3, 0x2F9D4, 0x2F9D5, 0x2F9D6, 0x2F9D7, 0x2F9D8, 0x2F9D9, 0x2F9DA,
		0x2F9DB, 0x2F9DC, 0x2F9DD, 0x2F9DE, 0x2F9DF, 0x2F9E0, 0x2F9E1, 0x2F9E2, 0x2F9E3, 0x2F9E4, 0x2F9E5, 0x2F9E6,
		0x2F9E7, 0x2F9E8, 0x2F9E9, 0x2F9EA, 0x2F9EB, 0x2F9EC, 0x2F9ED, 0x2F9EE, 0x2F9EF, 0x2F9F0, 0x2F9F1, 0x2F9F2,
		0x2F9F3, 0x2F9F4, 0x2F9F5, 0x2F9F6, 0x2F9F7, 0x2F9F8, 0x2F9F9, 0x2F9FA, 0x2F9FB, 0x2F9FC, 0x2F9FD, 0x2F9FE,
		0x2F9FF, 0x2FA00, 0x2FA01, 0x2FA02, 0x2FA03, 0x2FA04, 0x2FA05, 0x2FA06, 0x2FA07, 0x2FA08, 0x2FA09, 0x2FA0A,
		0x2FA0B, 0x2FA0C, 0x2FA0D, 0x2FA0E, 0x2FA0F, 0x2FA10, 0x2FA11, 0x2FA12, 0x2FA13, 0x2FA14, 0x2FA15, 0x2FA16,
		0x2FA17, 0x2FA18, 0x2FA19, 0x2FA1A, 0x2FA1B, 0x2FA1C, 0x2FA1D,
	};

	/// <summary>
	/// Parallel to <see cref="Sources"/>. A non-negative value is the replacement code point;
	/// a negative value is the bitwise complement of an index into <see cref="Sequences"/>.
	/// </summary>
	private static readonly int[] Replacements =
	{
		-1, -2, 0x4F, 0x6C, 0x6C, 0x27, -3, 0x6C, 0x20, -4, -5, 0x2C9,
		0x27, 0x3BC, 0x2C, -6, -7, -8, 0x78, -9, -10, -11, -12, 0x629,
		-13, -14, -15, 0x114, 0x115, -16, -17, 0x69, -18, -19, -20, -21,
		-22, -23, 0x272, -24, 0xD6, -25, -26, 0x1AB, -27, -28, 0x66, -29,
		-30, -31, -32, 0x62, -33, -34, -35, -36, 0x67, -37, -38, -39,
		0x6C, -40, -41, -42, -43, -44, -45, -46, -47, -48, -49, -50,
		-51, 0x52, 0x32, -52, -53, -54, -55, -56, -57, -58, 0x33, -59,
		0x35, 0x73, 0xFE, 0x6C, -60, 0x21, -61, -62, -63, -64, -65, -66,
		-67, -68, -69, 0x102, 0x103, 0x12C, 0x12D, 0x14E, 0x14F, 0x16C, 0x16D, -70,
		-71, 0x11E, 0x11F, -72, -73, -74, 0x123, -75, 0x162, 0x1AB, 0x33, 0x38,
		0x38, -76, -77, 0xC5, 0xE5, -78, -79, 0x3F, -80, -81, -82, -83,
		-84, -85, -86, -87, 0x61, -88, -89, -90, 0x1DD, -91, 0xA793, -92,
		0x67, 0x79, -93, -94, 0x69, 0x69, -95, -96, -97, 0x77, -98, -99,
		-100, -101, -102, -103, -104, 0x75, 0x79, -105, 0x21D, 0x3F, -106, -107,
		-108, -109, -110, -111, -112, -113, -114, -115, 0x18F4, 0x27, -116, 0x27,
		0x27, 0x27, 0x27, 0x559, 0x3C, 0x3E, 0x5E, 0x5E, 0x27, 0x27, 0x27, 0x3A,
		0x559, 0x2D, 0x2C7, 0x971, 0xB0, 0x69, 0x7E, -117, 0x18F3, 0x18F5, 0x2C1, -118,
		0x27, -119, 0x3A, 0x2EA, 0x304, 0x306, 0x670, -120, 0x302, 0x313, 0x650, 0x331,
		0x326, 0x328, 0x326, 0x335, 0x338, 0x326, 0x300, 0x301, 0x303, 0x313, 0x328, 0x333,
		0x350, 0x307, 0x30A, 0x306, 0x2C75, 0x27, 0x2CF, 0x418, 0x1D0E, 0x69, 0x254, 0xA73F,
		0x3B, 0x4A, 0x27, 0xB7, 0x41, 0x42, 0x45, 0x5A, 0x48, -121, 0x6C, 0x4B,
		0x245, 0x4D, 0x4E, 0x4F, 0x50, 0x1A9, 0x54, 0x59, 0x58, 0x61, 0xDF, 0x79,
		0x1E9F, 0xA793, -122, -123, 0x69, 0x138, 0x76, 0x6F, 0x70, 0x6F, 0x1D1B, 0x75,
		0x278, 0xDF, -124, 0x59, 0x278, 0x3C0, 0x3C2, 0x46, 0x32, 0x1A8, 0x138, 0x70,
		0x63, 0x6A, -125, 0xA793, 0xDE, 0xFE, 0x43, 0x4D, 0x186, 0xA73E, 0xA792, 0x53,
		0x6C, 0x4A, 0x41, -126, 0x42, 0x393, 0x45, 0x33, 0x40D, 0x4B, 0x245, 0x4D,
		0x48, 0x4F, 0x3A0, 0x50, 0x43, 0x54, 0x59, 0x3A6, 0x58, -127, 0x62, -128,
		0x61, 0x36, 0x299, 0x72, 0x65, 0x25C, 0x1D0E, 0x138, 0x28D, 0x29C, 0x6F, 0x3C0,
		0x70, 0x63, 0x1D1B, 0x79, 0x278, 0x78, -129, -130, 0x185, 0x1D19, 0xA793, 0x73,
		0x69, 0x6A, -131, 0x439, 0x77, -132, -133, 0x3A8, 0x3C8, -134, -135, 0x56,
		0x76, -136, -137, -138, -139, -140, -141, -142, -143, -144, -145, -146,
		-147, -148, -149, -150, -151, -152, -153, -154, -155, -156, -157, -158,
		-159, 0x59, 0x79, -160, -161, -162, 0x68, 0x65, -163, -164, 0x6C, -165,
		-166, -167, -168, -169, -170, 0x4B6, 0x4B7, -171, -172, 0x69, -173, -174,
		0x18F, 0x1DD, 0x33, 0x21D, -175, -176, 0x64, 0x1F6, 0x47, 0x262, 0x190, 0xA793,
		0x71, 0x57, 0x77, 0x12AE, 0x1206, 0x1323, 0x1261, 0x55, 0x53, 0x3A6, 0x4F, 0x27,
		0x27, 0x77, 0x71, 0x71, 0x1E9F, 0x68, 0x237, 0x6E, 0x270, 0x6E, 0x75, 0x67,
		0x66, 0x6F, -177, 0x3A, 0x301, 0x301, 0x59A, 0x599, 0x596, 0x598, 0x30A, 0x323,
		0x307, 0x307, 0x6C, 0x307, 0x307, 0x3A, 0x307, 0x323, 0x6C, 0x76, 0x27, 0x6C,
		0x6F, -178, -179, -180, 0x27, -181, -182, -183, 0x2C, 0x639, 0x301, 0x313,
		0x650, -184, -185, -186, -187, 0x6C, -188, -189, -190, -191, 0x6F, 0x649,
		0x30B, 0x301, 0x313, 0x30A, 0x303, 0x329, 0x312, 0x306, 0x304, 0x306, 0x302, 0x323,
		0x314, 0x655, 0x2E, 0x6C, 0x6F, 0x56, 0x245, -192, 0x2C, 0x60C, 0x2A, 0x649,
		0x6A1, -193, -194, -195, -196, -197, -198, -199, -200, -201, -202, -203,
		-204, -205, -206, -207, -208, -209, -210, -211, 0x641, -212, 0x643, 0x643,
		-213, -214, -215, -216, 0x649, -217, -218, 0x6F, 0x6F, 0x6C0, 0x629, -219,
		-220, -221, -222, -223, 0x649, -224, 0x67B, -225, 0x649, 0x2D, 0x6F, 0x30A,
		-226, 0x307, -227, -228, 0x2E, 0x6C, 0x662, 0x663, 0x664, 0x6F, 0x666, 0x56,
		0x245, 0x669, -229, -230, -231, 0x2E, 0x2E, 0x3A, 0x3A, 0x307, 0x307, 0x73C,
		0x301, -232, -233, 0x6AC, -234, 0x754, -235, -236, -237, -238, -239, -240,
		0x4F, 0x6C, 0x304, 0x307, 0x302, 0x308, 0x27, 0x27, 0x5F, -241, -242, -243,
		-244, 0x754, -245, -246, 0x6AF, 0x648, -247, -248, -249, -250, -251, 0x6A1,
		0x6A1, 0x649, 0x64C, 0x64C, 0x307, 0x308, 0x323, 0x324, 0x30B, 0x64C, 0x64D, 0x313,
		0x350, 0x354, 0x355, 0x350, 0x352, -252, 0x307, 0x3A, -253, -254, -255, -256,
		-257, -258, -259, -260, -261, -262, 0x323, 0x331, 0x300, 0x301, -263, 0x6F,
		0x669, 0x3F, -264, -265, 0x323, -266, -267, 0x4F, 0x38, 0x39, 0x307, 0x983,
		-268, -269, -270, -271, -272, -273, -274, -275, 0x323, 0x946, 0x94D, 0x6F,
		0x39, 0x38, -276, 0x307, 0x3A, -277, -278, -279, -280, -281, -282, -283,
		0x323, 0x93D, 0x941, 0x942, 0x94D, 0x6F, 0x968, 0x969, 0x96A, 0x96E, 0x970, -284,
		0x38, -285, 0x4F, 0x323, 0x4F, 0x39, 0x30A, -286, 0xB90, 0xB88, 0xB88, 0xBA9,
		-287, -288, -289, 0x307, 0xBB3, 0x6F, 0xB95, 0xB89, 0xB9A, -290, -291, 0xB8E,
		0xB85, 0xBAF, -292, -293, 0xBF3, -294, 0xBB7, -295, -296, 0x6F, 0x983, -297,
		-298, -299, -300, -301, -302, -303, -304, -305, -306, -307, -308, -309,
		0x6F, -310, 0x6F, 0x983, 0xC05, 0xC06, 0xC07, 0xC12, -311, -312, 0xC1C, 0xC1E,
		0xC23, 0xC2F, 0xC31, 0xC32, -313, 0x6F, 0xC67, 0xC68, 0xC6F, -314, 0x6F, 0x983,
		-315, 0xB89, -316, -317, -318, -319, -320, -321, 0xB90, 0x6F, 0xBA3, 0xD30,
		0xBB4, 0xBB6, -322, 0xBBF, 0xBBF, 0xD41, 0xD41, -323, 0x971, -324, -325, 0xD1E,
		0x6F, -326, -327, -328, 0x39, -329, -330, -331, -332, -333, -334, 0x6F,
		0x983, -335, 0xDA2, 0xDAF, -336, 0xE02, 0xE0A, 0xE0E, 0xE04, 0xE04, 0xE11, 0xE06,
		0xE20, -337, -338, 0xE32, 0x30A, 0x6F, 0xE08, 0xE22, 0xE1A, 0xE1B, 0xE1D, 0xE1E,
		0xE1F, -339, 0xE38, 0xE39, 0xE48, 0xE49, 0xE4A, 0xE4B, 0x30A, 0x6F, -340, -341,
		-342, -343, -344, 0xF0B, -345, -346, -347, -348, 0x325, 0xF62, -349, -350,
		-351, 0x5350, 0x534D, -352, -353, 0x6F, -354, -355, -356, 0x30A, 0x983, 0x6F,
		-357, 0x1041, -358, -359, -360, -361, -362, -363, 0xA786, 0x79, 0x21D, 0x6F,
		-364, -365, -366, -367, -368, -369, -370, -371, -372, -373, -374, -375,
		-376, -377, -378, -379, -380, -381, -382, -383, -384, -385, -386, -387,
		-388, -389, -390, -391, -392, -393, -394, -395, -396, -397, -398, -399,
		-400, -401, -402, -403, -404, -405, -406, -407, -408, -409, -410, -411,
		-412, -413, -414, -415, -416, -417, -418, -419, -420, -421, -422, -423,
		-424, -425, -426, -427, -428, -429, -430, -431, -432, -433, -434, -435,
		-436, -437, -438, -439, -440, -441, -442, -443, -444, -445, 0x30FC, -446,
		0x4E28, -447, -448, -449, -450, -451, -452, -453, -454, -455, -456, -457,
		-458, -459, -460, -461, -462, -463, -464, -465, -466, -467, -468, -469,
		-470, -471, -472, -473, -474, -475, -476, -477, -478, -479, -480, -481,
		-482, -483, -484, -485, -486, -487, -488, -489, -490, -491, -492, -493,
		-494, -495, 0x1100, -496, -497, 0x1102, -498, -499, 0x1103, 0x1105, -500, -501,
		-502, -503, -504, -505, -506, 0x1106, 0x1107, -507, 0x1109, -508, 0x110B, 0x110C,
		0x110E, 0x110F, 0x1110, 0x1111, 0x1112, -509, -510, -511, -512, -513, -514, -515,
		-516, -517, -518, -519, -520, -521, -522, -523, -524, -525, -526, -527,
		-528, -529, -530, -531, -532, -533, -534, -535, -536, -537, -538, -539,
		-540, -541, -542, -543, -544, -545, -546, -547, -548, 0x1140, -549, -550,
		-551, -552, 0x114C, -553, -554, -555, -556, -557, -558, -559, -560, 0x1159,
		-561, -562, -563, -564, -565, -566, 0x55, 0x270, 0x3A6, 0x548, 0x571, 0x4F,
		0x44, 0x52, 0x54, -567, 0x69, 0x2C75, 0x59, 0x41, 0x4A, 0x45, 0x3F, 0x2C75,
		0x393, 0x57, 0x4D, 0x48, 0x59, -568, 0x1AB, 0x47, 0x68, 0x5A, 0x460, 0x190,
		-569, 0x34, 0x62, 0x52, 0x57, 0x53, 0x56, 0x53, 0x4C, 0x43, 0x50, 0x4B,
		0x64, -570, 0x36, 0xDF, -571, 0x47, 0x42, 0x262, 0x299, 0x3D, 0x394, -572,
		-573, -574, -575, -576, -577, -578, -579, -580, -581, -582, -583, -584,
		-585, 0xB7, -586, -587, -588, -589, 0x56, 0x245, 0x3E, -590, 0x3C, -591,
		-592, -593, -594, -595, -596, -597, -598, -599, -600, -601, -602, -603,
		-604, 0x27, 0x55, 0x548, -605, -606, -607, -608, -609, -610, -611, -612,
		-613, -614, -615, -616, -617, -618, -619, -620, -621, -622, -623, 0x50,
		0x64, 0x62, -624, -625, -626, -627, -628, -629, -630, -631, -632, -633,
		-634, -635, -636, -637, -638, -639, -640, -641, -642, 0x4A, -643, -644,
		-645, -646, -647, -648, -649, -650, -651, -652, -653, -654, -655, -656,
		0x393, 0x4C, -657, -658, -659, -660, -661, -662, -663, -664, -665, -666,
		-667, -668, -669, -670, 0x32, -671, -672, -673, -674, -675, -676, 0x1421,
		-677, -678, -679, -680, -681, -682, -683, -684, -685, -686, -687, -688,
		-689, -690, -691, -692, -693, -694, -695, -696, -697, -698, -699, -700,
		-701, -702, -703, -704, -705, -706, -707, -708, -709, -710, -711, -712,
		-713, -714, -715, -716, -717, -718, -719, -720, -721, -722, -723, -724,
		-725, -726, -727, -728, -729, -730, -731, -732, -733, -734, -735, -736,
		0x1429, 0x78, -737, -738, -739, -740, -741, -742, 0x1E9F, 0x48, 0x78, -743,
		-744, -745, -746, -747, -748, -749, -750, 0x52, -751, -752, -753, -754,
		-755, -756, -757, 0x62, 0x46, 0x2132, 0xA7FB, 0x2C6F, 0x41, 0x44, 0x44, 0x460,
		0x4D, 0x42, 0x1490, 0x1489, 0x14D3, 0x14DA, 0x1543, 0x1546, 0x154A, 0x1B1, 0x3A9, 0x1B1,
		0x3A9, 0x58, 0x78, -758, -759, -760, -761, -762, -763, -764, -765, -766,
		-767, -768, -769, -770, -771, -772, 0x20, 0x3C, 0x58, 0x6C, 0x16BD, 0x27,
		0x4B, 0x4D, 0x3A8, 0x16BC, 0xB7, 0x3A, 0x2B, 0x3A6, 0x1715, 0x2F, 0x17A2, 0xE34,
		0xE35, 0xE36, 0xE37, 0x30A, 0xE48, 0x30A, 0xE2F, 0xE5A, 0xE4F, 0xE5B, 0x3A, 0x3A,
		0x1835, 0x185C, -773, -774, -775, -776, -777, -778, -779, -780, -781, -782,
		-783, -784, -785, -786, -787, -788, -789, -790, 0x18F5, -791, -792, -793,
		-794, -795, -796, -797, -798, -799, -800, -801, 0x199E, 0x19B1, 0x1A45, 0x1A45,
		-802, -803, 0x6DB, 0x328, 0x1B0D, 0x1B11, 0x1B28, 0x1B50, -804, -805, -806, 0x302,
		0x304, -807, 0x32B, 0x32E, 0x32D, 0x30E, 0x329, 0x323, 0x324, 0x316, 0x63, 0x25C,
		0x138, 0x28D, 0x6F, 0x254, 0x6F, -808, 0x75, 0x76, 0x77, 0x7A, 0x1A8, 0x72,
		0x28C, 0x3C0, 0x1D18, 0x43B, 0x18D6, 0xBA, -809, -810, -811, -812, -813, -814,
		-815, -816, -817, 0x1D34, -818, -819, -820, -821, -822, 0x67, 0x79, 0x24B,
		0x1D4B, 0x1D4D, 0x18D4, 0x1646, 0x2DEC, 0xAB51, 0x1EA3, 0x66, 0xDF, 0x79, 0x1FF4, 0x27,
		0x69, 0x27, 0x7E, 0x27, 0x13EF, 0x27, 0x27, 0x20, 0x20, 0x20, 0x20, 0x20,
		0x20, 0x20, 0x20, 0x20, 0x20, 0x20, 0x2D, 0x2D, 0x2D, 0x2D, 0x30FC, 0x30FC,
		-823, 0x27, 0x27, 0x2C, 0x27, -824, -825, -826, 0xB7, 0x2E, -827, -828,
		0xB7, 0x20, 0x20, 0x20, -829, -830, 0x27, -831, -832, 0x27, -833, -834,
		0x3C, 0x3E, -835, 0x2C9, 0x2F, 0x2D, 0x2F, -836, -837, -838, 0x2A, -839,
		0x7E, -840, 0x3A, 0x2D57, 0x2D42, 0x20, 0xBA, 0xA770, -841, 0xA3, -842, -843,
		-844, -845, 0xA792, -846, -847, -848, 0x554, 0x6DB, -849, -850, 0x43, -851,
		-852, -853, 0x190, 0x42D, -854, 0x67, 0x48, 0x48, 0x48, 0x68, -855, 0x6C,
		0x6C, 0x4C, 0x6C, 0x4E, -856, 0x50, 0x51, 0x52, 0x52, 0x52, -857, 0x5A,
		0x3A9, 0x1B1, 0x5A, 0x27F, 0x4B, 0x42, 0x43, 0x65, 0x65, 0x45, 0x46, 0x4D,
		0x6F, 0x5D0, 0x5D1, 0x5D2, 0x5D3, 0x69, -858, 0x3C0, 0x79, 0x393, 0x3A0, 0x1A9,
		0xA4E8, 0xA4F6, 0x16F00, 0x44, 0x64, 0x65, 0x69, 0x6A, 0x6C, -859, -860, -861,
		0x56, -862, -863, -864, -865, 0x58, -866, -867, 0x4C, 0x43, 0x44, 0x4D,
		0x69, -868, -869, -870, 0x76, -871, -872, -873, -874, 0x78, -875, -876,
		0x6C, 0x63, 0x64, -877, 0x186, 0x254, 0x16CF, 0x16E8, 0x21B2, 0x1F10E, 0x16DA, 0x16D0,
		0x2C6F, 0x18E, 0x394, 0x3A0, 0x1A9, 0x2D, -878, 0x2F, 0x5C, 0x2A, 0xB0, 0xB7,
		-879, 0x6C, -880, 0x76, 0x548, 0x55, 0x283, -881, -882, -883, -884, 0x3A,
		-885, 0x7E, -886, -887, -888, -889, -890, -891, 0x2261, -892, -893, 0x1455,
		0x1450, 0x102A8, -894, 0x298, -895, 0x54, 0xA4D5, 0x2227, 0x76, 0x548, 0x55, 0x16DC,
		0xB7, 0x16DE, -896, -897, -898, -899, 0x2D57, -900, 0xA793, 0x45, 0x2205, 0x2324,
		0x276C, 0x276D, 0x303C, -901, -902, -903, 0x229B, -904, -905, -906, -907, 0x629,
		-908, 0x1435, -909, -910, 0x69, 0x70, 0x3C9, -911, -912, -913, -914, 0x61,
		0x16BD, 0x4E28, 0x4E28, 0x4E28, 0x4E28, 0x4E28, 0x4E28, 0x2355, 0x234E, 0x234B, 0x236D, -915,
		0x23FB, 0x6C, 0x263E, -916, 0x2780, 0x2781, 0x2782, 0x2783, 0x2784, 0x2785, 0x2786, 0x2787,
		0x2788, 0x2789, -917, -918, -919, -920, -921, -922, -923, -924, -925, -926,
		-927, -928, -929, -930, -931, -932, -933, -934, -935, -936, -937, -938,
		-939, -940, -941, -942, -943, -944, -945, -946, -947, -948, -949, -950,
		-951, -952, -953, -954, -955, -956, -957, -958, -959, -960, -961, -962,
		-963, -964, -965, -966, -967, -968, -969, -970, -971, -972, -973, -974,
		-975, -976, -977, -978, -979, -980, -981, -982, 0xA9, 0x2117, 0xAE, 0x24BE,
		0x1F10D, 0x30FC, 0x30FC, 0x2502, 0x250C, 0x251C, 0x2F, 0x58, 0x220E, 0x258C, 0x2C9, 0x2596,
		0x2598, 0x220E, 0x23E5, 0x394, 0x22B3, 0x25B6, 0x25B6, 0x102BC, 0x22B2, 0x16DC, 0x16DC, 0xB0,
		0x233E, 0x2312, 0xB0, 0x298, 0x25A1, 0x1099E, 0x2CB6, 0x2388, 0x224F, 0x16DC, -983, -984,
		0x970, 0x28, 0x29, 0x3C, 0x3E, 0x28, 0x29, 0x7B, 0x7D, 0x2B, 0x2D, 0xF7,
		0xA4D5, -985, -986, 0x2F, 0x5C, 0x54, 0x276C, 0x276D, 0x78, 0x78, -987, -988,
		-989, -990, 0x2D42, 0x2349, 0x233E, 0x303C, 0x2342, 0x233B, 0x102C0, 0x299A, -991, 0x5C,
		-992, 0x2F, 0x5C, 0x298, 0x102A8, 0x2297, 0x228D, 0x228E, 0x2293, 0x2294, -993, 0x16DE,
		-994, 0x16DA, -995, -996, -997, -998, -999, -1000, -1001, -1002, 0x78, -1003,
		0x2319, 0x2A1F, 0x2210, -1004, -1005, -1006, -1007, -1008, -1009, 0x15D5, 0x15D2, -1010,
		-1011, -1012, 0x219E, 0x219F, 0x21A0, 0x21A1, -1013, -1014, 0x393, 0x72, 0x394, 0xA792,
		0xA793, 0x48, 0x6C, 0x4B, 0x138, 0x3BB, 0x4D, 0x4E, 0x4F, 0x6F, 0x3A0, 0x50,
		0x70, 0x43, 0x63, 0x54, 0x59, 0x3A6, 0x278, 0x58, 0x3C7, 0x3A8, 0x3C9, -1015,
		0x2D, 0x428, 0x448, 0x2F, 0x39, 0x33, 0x21D, 0x4C, 0x29F, 0x36, 0x3EC, 0x3D7,
		0x2627, -1016, -1017, 0x245, 0x56, 0x45, 0x18E, -1018, -1019, 0x1A9, 0x6C, 0x21,
		0x4F, 0x51, 0x298, 0x58, 0x394, 0x16EF, 0x1DDF, 0x30A, 0x368, 0x36F, 0x363, 0x364,
		-1020, -1021, -1022, 0x1455, 0x1450, -1023, -1024, 0x2235, 0x2234, 0x2237, 0x61F, 0xB0,
		0xB7, 0x60C, 0x61B, 0x1E9F, 0x2D42, 0xB6, 0x3D, 0x4E5B, 0x4E5A, 0x4EBB, 0x5202, 0x353E,
		0x5140, 0x5C23, 0x5C22, 0x5DF3, 0x5E7A, 0x5F51, 0x5FC4, 0x38FA, 0x624C, 0x6535, 0x65E1, 0x6B7A,
		0x6BCD, 0x6C11, 0x6C35, 0x6C3A, 0x706C, 0x722B, 0x4E2C, 0x72AD, 0x7F52, 0x793B, 0x7CF9, 0x7F53,
		0x7F52, 0x8002, 0x8080, 0x8279, 0x8279, 0x8279, 0x864E, 0x8864, 0x8980, 0x897F, 0x89C1, 0x8BA0,
		0x8D1D, 0x8F66, 0x8FB6, 0x8FB6, 0x961D, 0x9485, 0x9577, 0x9578, 0x957F, 0x95E8, 0x961D, 0x9752,
		0x97E6, 0x9875, 0x98CE, 0x98DE, 0x98DF, 0x98E0, 0x9963, 0x9A6C, 0x9B3C, 0x9C7C, 0x9EA6, 0x9EC4,
		0x6589, 0x9F50, 0x6B6F, 0x9F7F, 0x7ADC, 0x9F99, 0x4E80, 0x9F9F, 0x30FC, 0x4E28, 0x5C, 0x2F,
		0x4E59, 0x4E85, 0x4E8C, 0x4EA0, 0x4EBA, 0x513F, 0x5165, 0x516B, 0x5182, 0x5196, 0x51AB, 0x51E0,
		0x51F5, 0x5200, 0x529B, 0x52F9, 0x5315, 0x531A, 0x5338, 0x5341, 0x535C, 0x5369, 0x5382, 0x53B6,
		0x53C8, 0x53E3, 0x53E3, 0x571F, 0x571F, 0x5902, 0x590A, 0x5915, 0x5927, 0x5973, 0x5B50, 0x5B80,
		0x5BF8, 0x5C0F, 0x5C22, 0x5C38, 0x5C6E, 0x5C71, 0x5DDB, 0x5DE5, 0x5DF1, 0x5DFE, 0x5E72, 0x5E7A,
		0x5E7F, 0x5EF4, 0x5EFE, 0x5F0B, 0x5F13, 0x5F50, 0x5F61, 0x5F73, 0x5FC3, 0x6208, 0x6236, 0x624B,
		0x652F, 0x6534, 0x6587, 0x6597, 0x65A4, 0x65B9, 0x65E0, 0x65E5, 0x66F0, 0x6708, 0x6728, 0x6B20,
		0x6B62, 0x6B79, 0x6BB3, 0x6BCB, 0x6BD4, 0x6BDB, 0x6C0F, 0x6C14, 0x6C34, 0x706B, 0x722A, 0x7236,
		0x723B, 0x723F, 0x7247, 0x7259, 0x725B, 0x72AC, 0x7384, 0x7389, 0x74DC, 0x74E6, 0x7518, 0x751F,
		0x7528, 0x7530, 0x758B, 0x7592, 0x7676, 0x767D, 0x76AE, 0x76BF, 0x76EE, 0x77DB, 0x77E2, 0x77F3,
		0x793A, 0x79B8, 0x79BE, 0x7A74, 0x7ACB, 0x7AF9, 0x7C73, 0x7CF8, 0x7F36, 0x7F51, 0x7F8A, 0x7FBD,
		0x8001, 0x800C, 0x8012, 0x8033, 0x807F, 0x8089, 0x81E3, 0x81EA, 0x81F3, 0x81FC, 0x820C, 0x821B,
		0x821F, 0x826E, 0x8272, 0x8278, 0x864D, 0x866B, 0x8840, 0x884C, 0x8863, 0x897E, 0x898B, 0x89D2,
		0x8A00, 0x8C37, 0x8C46, 0x8C55, 0x8C78, 0x8C9D, 0x8D64, 0x8D70, 0x8DB3, 0x8EAB, 0x8ECA, 0x8F9B,
		0x8FB0, 0x8FB5, 0x9091, 0x9149, 0x91C6, 0x91CC, 0x91D1, 0x9577, 0x9580, 0x961C, 0x96B6, 0x96B9,
		0x96E8, 0x9751, 0x975E, 0x9762, 0x9769, 0x97CB, 0x97ED, 0x97F3, 0x9801, 0x98A8, 0x98DB, 0x98DF,
		0x9996, 0x9999, 0x99AC, 0x9AA8, 0x9AD8, 0x9ADF, 0x9B25, 0x9B2F, 0x9B32, 0x9B3C, 0x9B5A, 0x9CE5,
		0x9E75, 0x9E7F, 0x9EA5, 0x9EBB, 0x9EC3, 0x9ECD, 0x9ED1, 0x9EF9, 0x9EFD, 0x9F0E, 0x9F13, 0x9F20,
		0x9F3B, 0x9F4A, 0x9F52, 0x9F8D, 0x9F9C, 0x9FA0, 0x2F3, -1025, 0x4F, 0x276C, 0x276D, 0x20B8,
		0x28, 0x29, 0x27E6, 0x27E7, 0x309, 0x325, 0x2F, 0x20B8, 0x5341, 0x5344, 0x5345, 0x276C,
		0x30A, 0xFF9E, 0xFF9F, 0x3D, 0x4EBB, 0x5DE5, 0x529B, 0x5915, 0x535C, 0x4E8C, 0x2F, 0x516B,
		0x3078, 0x53E3, 0xB7, 0x513F, 0x1100, -1026, -1027, 0x1102, -1028, -1029, 0x1103, -1030,
		0x1105, -1031, -1032, -1033, -1034, -1035, -1036, -1037, 0x1106, 0x1107, -1038, -1039,
		0x1109, -1040, 0x110B, 0x110C, -1041, 0x110E, 0x110F, 0x1110, 0x1111, 0x1112, 0x1161, -1042,
		0x1163, -1043, 0x1165, -1044, 0x1167, -1045, 0x1169, -1046, -1047, -1048, 0x116D, 0x116E,
		-1049, -1050, -1051, 0x1172, 0x30FC, -1052, 0x4E28, 0x1160, -1053, -1054, -1055, -1056,
		-1057, -1058, -1059, -1060, -1061, -1062, -1063, -1064, -1065, -1066, -1067, -1068,
		-1069, -1070, -1071, -1072, -1073, -1074, -1075, -1076, -1077, -1078, 0x1140, -1079,
		0x114C, -1080, -1081, -1082, -1083, 0x1159, -1084, -1085, -1086, -1087, -1088, -1089,
		0x119E, -1090, 0x30FC, 0x4E28, 0x2F, 0x5C, 0x4E5B, 0x4E85, 0x276C, 0x4E5A, 0x4E59, -1091,
		-1092, -1093, -1094, -1095, -1096, -1097, -1098, -1099, -1100, -1101, -1102, -1103,
		-1104, -1105, -1106, -1107, -1108, -1109, -1110, -1111, -1112, -1113, -1114, -1115,
		-1116, -1117, -1118, -1119, -1120, -1121, -1122, -1123, -1124, -1125, -1126, -1127,
		-1128, -1129, -1130, -1131, -1132, -1133, -1134, -1135, -1136, -1137, -1138, -1139,
		-1140, -1141, -1142, -1143, -1144, -1145, -1146, -1147, -1148, -1149, -1150, -1151,
		-1152, -1153, -1154, -1155, -1156, -1157, -1158, -1159, -1160, -1161, -1162, -1163,
		-1164, -1165, -1166, -1167, -1168, -1169, -1170, -1171, -1172, -1173, -1174, -1175,
		-1176, -1177, -1178, -1179, -1180, -1181, -1182, -1183, -1184, -1185, -1186, -1187,
		-1188, -1189, -1190, -1191, -1192, -1193, -1194, -1195, -1196, -1197, -1198, -1199,
		-1200, -1201, -1202, -1203, -1204, -1205, -1206, -1207, -1208, -1209, -1210, -1211,
		-1212, -1213, -1214, -1215, -1216, -1217, -1218, -1219, -1220, -1221, -1222, -1223,
		-1224, -1225, 0x363D, 0x3588, 0x3B3B, 0x30FC, 0x5C, 0x2F, 0x4F75, 0x5024, 0x5553, 0x53E3,
		0x5861, 0x571F, 0x58AB, 0x5AAF, 0x5E21, 0x3B3A, 0x6236, 0x3A41, 0x403F, 0x665A, 0x3ADA, 0x4443,
		0x676E, 0x3BA3, 0x699D, 0x6E88, 0x7814, 0x7D55, 0x670C, 0x6710, 0x670F, 0x3B35, 0x6713, 0x6718,
		0x80FC, 0x6723, 0x848D, 0x8637, 0x46B6, 0x8A2E, 0x8B86, 0x8C5C, 0x8D7F, 0x8DE5, 0x8E97, 0x8EFF,
		0x90CE, 0x93AD, 0x96B7, 0x9E42, 0x9ED1, 0x4039, 0xA2CD, 0xA0C0, 0xA04A, 0xA458, 0xA132, 0xA050,
		0xA3C2, 0xA3BF, 0xA2B1, 0xA259, 0xA3AB, 0xA3B5, 0x42, 0x50, 0x64, 0x44, 0x54, 0x47,
		0x4B, 0x4A, 0x43, 0x186, 0x5A, 0x46, 0x2132, 0x4D, 0x4E, 0x4C, 0x53, 0x52,
		0x245, 0x56, 0x48, 0x57, 0x58, 0x59, 0x1660, 0x41, 0x2C6F, 0x45, 0x18E, 0x6C,
		0x4F, 0x55, 0x548, 0x15E1, 0x2E, 0x2C, -1226, -1227, 0x3A, -1228, 0x3D, 0x2E,
		0x32, 0x1A8, 0x69, 0x3C9, -1229, -1230, 0x298, 0x20E9, 0x306, 0x2C7, -1231, -1232,
		-1233, 0x102A8, 0x418, 0x16B9, 0x2C75, 0x2A1, 0x245, 0x3A0, 0x56, 0x3F, 0x32, 0x302,
		0x304, -1234, 0x2EB, 0x2EA, -1235, -1236, 0x73, -1237, -1238, -1239, -1240, -1241,
		-1242, -1243, -1244, -1245, -1246, -1247, -1248, -1249, -1250, -1251, -1252, -1253,
		0x32, -1254, 0x33, 0x21D, 0x39, -1255, 0x26, 0xA779, 0x3A, 0x27, 0xB7, 0xA727,
		0x46, 0x66, 0x10412, 0x1043A, 0x29A, 0xA4E4, 0x75, 0x33, 0xA4D5, 0x4A, 0x58, 0x42,
		0xDF, 0xA64C, 0x3C9, 0xDF, 0x245, 0x3BB, -1256, 0x30FC, 0x964, -1257, -1258, -1259,
		-1260, -1261, -1262, -1263, -1264, -1265, -1266, -1267, -1268, -1269, -1270, -1271,
		-1272, -1273, -1274, -1275, -1276, -1277, -1278, -1279, -1280, -1281, -1282, -1283,
		-1284, -1285, 0x2C3F, 0xA99D, 0xA9D0, 0x662, 0xAA01, 0xAA23, 0x65, 0x66, 0x6F, -1286,
		-1287, -1288, -1289, 0x72, 0x72, 0x283, 0x75, 0x75, 0x3C7, 0x3C7, 0x79, 0x459,
		-1290, -1291, 0x1D05, 0x280, 0x1D1B, -1292, 0x69, 0x1D00, 0x1D0A, 0x1D07, 0x242, 0x2C76,
		0x72, 0x77, 0x28D, 0x29C, -1293, 0x262, 0x7A, 0xA793, -1294, 0x185, 0x280, 0x76,
		0x73, 0x29F, 0x63, 0x1D18, 0x138, -1295, -1296, -1297, -1298, -1299, -1300, -1301,
		-1302, -1303, -1304, -1305, -1306, -1307, -1308, -1309, -1310, -1311, -1312, -1313,
		-1314, -1315, -1316, -1317, -1318, -1319, -1320, -1321, -1322, -1323, -1324, -1325,
		-1326, -1327, -1328, -1329, -1330, -1331, -1332, -1333, -1334, -1335, -1336, -1337,
		-1338, -1339, -1340, -1341, -1342, -1343, -1344, -1345, -1346, -1347, -1348, -1349,
		-1350, -1351, -1352, -1353, -1354, -1355, -1356, -1357, -1358, -1359, -1360, -1361,
		-1362, -1363, -1364, -1365, -1366, -1367, 0x8C48, 0x66F4, 0x8ECA, 0x8CC8, 0x6ED1, 0x4E32,
		0x53E5, 0x9F9C, 0x9F9C, 0x5951, 0x91D1, 0x5587, 0x5948, 0x61F6, 0x7669, 0x7F85, 0x863F, 0x87BA,
		0x88F8, 0x908F, 0x6A02, 0x6D1B, 0x70D9, 0x73DE, 0x843D, 0x916A, 0x99F1, 0x4E82, 0x5375, 0x6B04,
		0x721B, 0x862D, 0x9E1E, 0x5D50, 0x6FEB, 0x85CD, 0x8964, 0x62C9, 0x81D8, 0x881F, 0x5ECA, 0x6717,
		0x6D6A, 0x72FC, 0x90CE, 0x4F86, 0x51B7, 0x52DE, 0x64C4, 0x6AD3, 0x7210, 0x76E7, 0x8001, 0x8606,
		0x865C, 0x8DEF, 0x9732, 0x9B6F, 0x9DFA, 0x788C, 0x797F, 0x7DA0, 0x83C9, 0x9304, 0x9E7F, 0x8AD6,
		0x58DF, 0x5F04, 0x7C60, 0x807E, 0x7262, 0x78CA, 0x8CC2, 0x96F7, 0x58D8, 0x5C62, 0x6A13, 0x6DDA,
		0x6F0F, 0x7D2F, 0x7E37, 0x964B, 0x52D2, 0x808B, 0x51DC, 0x51CC, 0x7A1C, 0x7DBE, 0x83F1, 0x9675,
		0x8B80, 0x62CF, 0x6A02, 0x8AFE, 0x4E39, 0x5BE7, 0x6012, 0x7387, 0x7570, 0x5317, 0x78FB, 0x4FBF,
		0x5FA9, 0x4E0D, 0x6CCC, 0x6578, 0x7D22, 0x53C3, 0x585E, 0x7701, 0x8449, 0x8AAA, 0x6BBA, 0x8FB0,
		0x6C88, 0x62FE, 0x82E5, 0x63A0, 0x7565, 0x4EAE, 0x5169, 0x51C9, 0x6881, 0x7CE7, 0x826F, 0x8AD2,
		0x91CF, 0x52F5, 0x5442, 0x5973, 0x5EEC, 0x65C5, 0x6FFE, 0x792A, 0x95AD, 0x9A6A, 0x9E97, 0x9ECE,
		0x529B, 0x66C6, 0x6B77, 0x8F62, 0x5E74, 0x6190, 0x6200, 0x649A, 0x6F23, 0x7149, 0x7489, 0x79CA,
		0x7DF4, 0x806F, 0x8F26, 0x84EE, 0x9023, 0x934A, 0x5217, 0x52A3, 0x54BD, 0x70C8, 0x88C2, 0x8AAA,
		0x5EC9, 0x5FF5, 0x637B, 0x6BAE, 0x7C3E, 0x7375, 0x4EE4, 0x56F9, 0x5BE7, 0x5DBA, 0x601C, 0x73B2,
		0x7469, 0x7F9A, 0x8046, 0x9234, 0x96F6, 0x9748, 0x9818, 0x4F8B, 0x79AE, 0x91B4, 0x96B7, 0x60E1,
		0x4E86, 0x50DA, 0x5BEE, 0x5C3F, 0x6599, 0x6A02, 0x71CE, 0x7642, 0x84FC, 0x907C, 0x9F8D, 0x6688,
		0x962E, 0x5289, 0x677B, 0x67F3, 0x6D41, 0x6E9C, 0x7409, 0x7559, 0x786B, 0x7D10, 0x985E, 0x516D,
		0x622E, 0x9678, 0x502B, 0x5D19, 0x6DEA, 0x8F2A, 0x5F8B, 0x6144, 0x6817, 0x7387, 0x9686, 0x5229,
		0x540F, 0x5C65, 0x6613, 0x674E, 0x68A8, 0x6CE5, 0x7406, 0x75E2, 0x7F79, 0x88CF, 0x88E1, 0x91CC,
		0x96E2, 0x533F, 0x6EBA, 0x541D, 0x71D0, 0x7498, 0x85FA, 0x96A3, 0x9C57, 0x9E9F, 0x6797, 0x6DCB,
		0x81E8, 0x7ACB, 0x7B20, 0x7C92, 0x72C0, 0x7099, 0x8B58, 0x4EC0, 0x8336, 0x523A, 0x5207, 0x5EA6,
		0x62D3, 0x7CD6, 0x5B85, 0x6D1E, 0x66B4, 0x8F3B, 0x884C, 0x964D, 0x898B, 0x5ED3, 0x5140, 0x55C0,
		0x585A, 0x6674, 0x51DE, 0x732A, 0x76CA, 0x793C, 0x795E, 0x7965, 0x798F, 0x9756, 0x7CBE, 0x7FBD,
		0x8612, 0x8AF8, 0x9038, 0x90FD, 0x98EF, 0x98FC, 0x9928, 0x9DB4, 0x90CE, 0x96B7, 0x4FAE, 0x50E7,
		0x514D, 0x52C9, 0x52E4, 0x5351, 0x559D, 0x5606, 0x5668, 0x5840, 0x58A8, 0x5C64, 0x5C6E, 0x6094,
		0x6168, 0x618E, 0x61F2, 0x654F, 0x65E2, 0x6691, 0x6885, 0x6D77, 0x6E1A, 0x6F22, 0x716E, 0x722B,
		0x7422, 0x7891, 0x793E, 0x7949, 0x7948, 0x7950, 0x7956, 0x795D, 0x798D, 0x798E, 0x7A40, 0x7A81,
		0x7BC0, 0x7DF4, 0x7E09, 0x7E41, 0x7F72, 0x8005, 0x81ED, 0x8279, 0x8279, 0x8457, 0x8910, 0x8996,
		0x8B01, 0x8B39, 0x8CD3, 0x8D08, 0x8FB6, 0x9038, 0x96E3, 0x97FF, 0x983B, 0x6075, 0x242EE, 0x8218,
		0x4E26, 0x51B5, 0x5168, 0x4F80, 0x5145, 0x5180, 0x52C7, 0x52FA, 0x559D, 0x5555, 0x5599, 0x55E2,
		0x585A, 0x58B3, 0x5944, 0x5954, 0x5A62, 0x5B28, 0x5ED2, 0x5ED9, 0x5F69, 0x5FAD, 0x60D8, 0x614E,
		0x6108, 0x618E, 0x6160, 0x61F2, 0x6234, 0x63C4, 0x641C, 0x6452, 0x6556, 0x6674, 0x6717, 0x671B,
		0x6756, 0x6B79, 0x6BBA, 0x6D41, 0x6EDB, 0x6ECB, 0x6F22, 0x701E, 0x716E, 0x77A7, 0x7235, 0x72AF,
		0x732A, 0x7471, 0x7506, 0x753B, 0x761D, 0x761F, 0x76CA, 0x76DB, 0x76F4, 0x774A, 0x7740, 0x78CC,
		0x7AB1, 0x7BC0, 0x7C7B, 0x7D5B, 0x7DF4, 0x7F3E, 0x8005, 0x8352, 0x83EF, 0x8779, 0x8941, 0x8986,
		0x8996, 0x8ABF, 0x8AF8, 0x8ACB, 0x8B01, 0x8AFE, 0x8AED, 0x8B39, 0x8B8A, 0x8D08, 0x8F38, 0x9072,
		0x9199, 0x9276, 0x967C, 0x96E3, 0x9756, 0x97DB, 0x97FF, 0x980B, 0x983B, 0x9B12, 0x9F9C, 0x2284A,
		0x22844, 0x233D5, 0x3B9D, 0x4018, 0x4039, 0x25249, 0x25CD0, 0x27ED3, 0x9F43, 0x9F8E, -1368, -1369,
		-1370, -1371, -1372, -1373, -1374, -1375, -1376, -1377, -1378, 0x5E2, 0x5D0, 0x5D3,
		0x5D4, 0x5DB, 0x5DC, 0x5DD, 0x5E8, 0x5EA, -1379, 0xFB2A, 0xFB2C, 0xFB2E, 0xFB2E, 0xFB1D,
		0xFB2A, -1380, 0x671, 0x671, 0x67B, 0x67B, 0x67B, 0x67B, -1381, -1382, -1383, -1384,
		0x680, 0x680, 0x680, 0x680, 0x67A, 0x67A, 0x67A, 0x67A, 0x67F, 0x67F, 0x67F, 0x67F,
		-1385, -1386, -1387, -1388, -1389, -1390, -1391, -1392, 0x6A6, 0x6A6, 0x6A6, 0x6A6,
		0x684, 0x684, 0x684, 0x684, 0x683, 0x683, 0x683, 0x683, 0x686, 0x686, 0x686, 0x686,
		0x687, 0x687, 0x687, 0x687, 0x68D, 0x68D, 0x68C, 0x68C, -1393, -1394, -1395, -1396,
		-1397, -1398, -1399, -1400, 0x643, 0x643, 0x643, 0x643, 0x6AF, 0x6AF, 0x6AF, 0x6AF,
		0x6B3, 0x6B3, 0x6B3, 0x6B3, 0x6B1, 0x6B1, 0x6B1, 0x6B1, 0x649, 0x649, -1401, -1402,
		-1403, -1404, 0x6C0, 0x6C0, 0x6F, 0x6F, 0x6F, 0x6F, 0x6F, 0x6F, 0x6F, 0x6F,
		0x649, 0x649, 0x6D3, 0x6D3, -1405, -1406, -1407, -1408, -1409, -1410, -1411, -1412,
		-1413, -1414, -1415, -1416, -1417, 0x6C5, 0x6C5, -1418, -1419, 0x67B, 0x67B, 0x67B,
		0x67B, 0x649, 0x649, -1420, -1421, -1422, -1423, -1424, -1425, -1426, -1427, -1428,
		-1429, -1430, -1431, -1432, -1433, -1434, -1435, -1436, -1437, 0x649, 0x649, 0x649,
		0x649, -1438, -1439, -1440, -1441, -1442, -1443, -1444, -1445, -1446, -1447, -1448,
		-1449, -1450, -1451, -1452, -1453, -1454, -1455, -1456, -1457, -1458, -1459, -1460,
		-1461, -1462, -1463, -1464, -1465, -1466, -1467, -1468, -1469, -1470, -1471, -1472,
		-1473, -1474, -1475, -1476, -1477, -1478, -1479, -1480, -1481, -1482, -1483, -1484,
		-1485, -1486, -1487, -1488, -1489, -1490, -1491, -1492, -1493, -1494, -1495, -1496,
		-1497, -1498, -1499, -1500, -1501, -1502, -1503, -1504, -1505, -1506, -1507, -1508,
		-1509, -1510, -1511, -1512, -1513, -1514, -1515, -1516, -1517, -1518, -1519, -1520,
		-1521, -1522, -1523, -1524, -1525, -1526, -1527, -1528, -1529, -1530, -1531, -1532,
		-1533, -1534, -1535, -1536, -1537, -1538, -1539, -1540, -1541, -1542, -1543, -1544,
		-1545, -1546, -1547, -1548, -1549, -1550, -1551, -1552, -1553, -1554, -1555, -1556,
		-1557, -1558, -1559, -1560, -1561, -1562, -1563, -1564, -1565, -1566, -1567, -1568,
		-1569, -1570, -1571, -1572, -1573, -1574, -1575, -1576, -1577, -1578, -1579, -1580,
		-1581, -1582, -1583, -1584, -1585, -1586, -1587, -1588, -1589, -1590, -1591, -1592,
		-1593, -1594, -1595, -1596, -1597, -1598, -1599, -1600, -1601, -1602, -1603, -1604,
		-1605, -1606, -1607, -1608, -1609, -1610, -1611, -1612, -1613, -1614, -1615, -1616,
		-1617, -1618, -1619, -1620, -1621, -1622, -1623, -1624, -1625, -1626, -1627, -1628,
		-1629, -1630, -1631, -1632, -1633, -1634, -1635, -1636, -1637, -1638, -1639, -1640,
		-1641, -1642, -1643, -1644, -1645, -1646, -1647, -1648, -1649, -1650, -1651, -1652,
		-1653, -1654, -1655, -1656, -1657, -1658, -1659, -1660, -1661, -1662, -1663, -1664,
		-1665, -1666, -1667, -1668, -1669, -1670, -1671, -1672, -1673, -1674, -1675, -1676,
		-1677, -1678, -1679, -1680, -1681, -1682, -1683, -1684, -1685, -1686, -1687, -1688,
		-1689, -1690, -1691, -1692, -1693, -1694, -1695, -1696, -1697, -1698, -1699, -1700,
		-1701, -1702, -1703, -1704, -1705, -1706, -1707, -1708, -1709, -1710, -1711, -1712,
		-1713, -1714, -1715, -1716, -1717, -1718, -1719, -1720, -1721, -1722, -1723, -1724,
		-1725, -1726, -1727, -1728, -1729, -1730, -1731, -1732, -1733, -1734, -1735, -1736,
		-1737, -1738, -1739, -1740, -1741, -1742, -1743, -1744, -1745, -1746, -1747, -1748,
		-1749, -1750, -1751, -1752, -1753, -1754, -1755, 0x28, 0x29, -1756, -1757, -1758,
		-1759, -1760, -1761, -1762, -1763, -1764, -1765, -1766, -1767, -1768, -1769, -1770,
		-1771, -1772, -1773, -1774, -1775, -1776, -1777, -1778, -1779, -1780, -1781, -1782,
		-1783, -1784, -1785, -1786, -1787, -1788, -1789, -1790, -1791, -1792, -1793, -1794,
		-1795, -1796, -1797, -1798, -1799, -1800, -1801, -1802, -1803, -1804, -1805, -1806,
		-1807, -1808, -1809, -1810, -1811, -1812, -1813, -1814, -1815, -1816, -1817, -1818,
		-1819, -1820, -1821, -1822, -1823, -1824, -1825, -1826, -1827, -1828, -1829, -1830,
		-1831, -1832, -1833, -1834, -1835, -1836, -1837, -1838, -1839, -1840, -1841, -1842,
		-1843, -1844, -1845, -1846, -1847, -1848, -1849, -1850, -1851, -1852, -1853, -1854,
		-1855, -1856, -1857, -1858, -1859, -1860, -1861, -1862, -1863, -1864, -1865, -1866,
		-1867, -1868, -1869, -1870, -1871, -1872, -1873, -1874, -1875, -1876, -1877, -1878,
		-1879, -1880, -1881, -1882, -1883, -1884, -1885, -1886, 0x2D57, 0x3A, 0x2502, 0x2307,
		0x23DC, 0x23DD, 0x23DE, 0x23DF, 0x23E0, 0x23E1, 0x2C9, 0x2C9, 0x2C9, 0x2C9, 0x5F, 0x5F,
		0x5F, 0x2D, 0x5C, 0x621, 0x622, 0x622, -1887, -1888, -1889, -1890, -1891, -1892,
		-1893, -1894, -1895, -1896, 0x6C, 0x6C, 0x628, 0x628, 0x628, 0x628, 0x629, 0x629,
		0x62A, 0x62A, 0x62A, 0x62A, -1897, -1898, -1899, -1900, 0x62C, 0x62C, 0x62C, 0x62C,
		0x62D, 0x62D, 0x62D, 0x62D, 0x62E, 0x62E, 0x62E, 0x62E, 0x62F, 0x62F, 0x630, 0x630,
		0x631, 0x631, 0x632, 0x632, 0x633, 0x633, 0x633, 0x633, -1901, -1902, -1903, -1904,
		0x635, 0x635, 0x635, 0x635, 0x636, 0x636, 0x636, 0x636, 0x637, 0x637, 0x637, 0x637,
		0x638, 0x638, 0x638, 0x638, 0x639, 0x639, 0x639, 0x639, 0x63A, 0x63A, 0x63A, 0x63A,
		0x641, 0x641, 0x641, 0x641, 0x642, 0x642, 0x642, 0x642, 0x643, 0x643, 0x643, 0x643,
		0x644, 0x644, 0x644, 0x644, 0x645, 0x645, 0x645, 0x645, 0x646, 0x646, 0x646, 0x646,
		0x6F, 0x6F, 0x6F, 0x6F, 0x648, 0x648, 0x649, 0x649, 0x649, 0x649, 0x649, 0x649,
		-1905, -1906, -1907, -1908, -1909, -1910, -1911, -1912, 0x21, -1913, 0x27, 0x30FC,
		0x3A, 0x41, 0x42, 0x43, 0x45, 0x48, 0x6C, 0x4A, 0x4B, 0x4D, 0x4E, 0x4F,
		0x50, 0x53, 0x54, 0x58, 0x59, 0x5A, 0x28, 0x5C, 0x29, 0xFE3F, 0x27, 0x61,
		0x63, 0x65, 0x67, 0x68, 0x69, 0x6A, 0x6C, 0x6F, 0x70, 0x73, 0x76, 0x78,
		0x79, 0x2502, 0x301C, 0xB7, 0x2C9, 0x6C, 0x25AA, 0xB7, -1914, -1915, -1916, -1917,
		-1918, 0x2CE8, 0x42, 0x394, 0x45, 0x46, 0x6C, 0x245, 0x58, 0x4F, 0x16DC, 0x50,
		0x53, 0x54, 0x2B, 0x41, 0x42, 0x43, 0x394, 0x46, 0x4F, 0x3D8, 0x4D, 0x54,
		0x59, 0x3A6, 0x58, 0x3A8, 0x3A9, 0x2D40, 0x48, 0x62F, 0x648, 0x637, 0x635, 0x5A,
		0x42, 0x43, 0x6C, 0x4D, 0x3D8, 0x54, 0x58, 0x38, 0x2A, 0x6C, 0x58, 0x10382,
		0x10393, 0x190, 0x4F, 0xA4F6, 0x43, 0x4C, 0x2C70, 0x53, 0x186, 0x418, 0xA793, 0x29A,
		0x6F, 0x63, 0x277, 0x25E, 0x29F, 0x73, 0x254, 0x1D0E, 0x10486, 0x245, 0x52, 0x4C3,
		0x4F, 0x298, 0xDE, 0x40B, 0x55, 0x16E6, 0x3A8, 0x37, 0x28C, 0x3BB, 0x6F, 0xA669,
		0x75, 0x3C8, 0x4E, 0x4F, 0x4B, 0x43, 0x56, 0x46, 0x4C, 0x58, 0x323, 0x2E,
		-1919, 0x10CA5, 0x10C82, 0x970, 0x970, 0x323, 0x93A, 0xA8FC, 0xA8FB, 0x2248, 0x30A, -1920,
		-1921, -1922, -1923, -1924, -1925, -1926, 0x998, 0x99A, 0x99C, 0x99E, 0x99F, 0x9A1,
		0x9B2, 0x9A4, 0x9A5, 0x9A6, 0x9A7, 0x9A8, 0x9AA, 0x9AE, 0x9AF, 0x9AC, 0x9A3, 0x9B0,
		0x9B7, 0x9B8, 0x9BE, 0x9BF, 0x9C7, 0x9CB, 0x9D7, 0x9CC, -1927, 0x983, 0x9CD, 0x323,
		0x9BD, -1928, 0x4F, 0x9E7, 0x9E8, 0x9EC, 0x11582, 0x11582, 0x11583, 0x11584, 0x115B2, 0x115B3,
		-1929, -1930, 0x76, 0x77, 0x77, 0x77, 0x56, 0x46, 0x4C, 0x59, 0x45, 0x2207,
		0x5A, 0x39, 0x45, 0x34, 0x4C, 0x4F, 0x16DC, 0x55, 0x35, 0x54, 0x76, 0x73,
		0x46, 0x69, 0x7A, 0x37, 0x6F, 0x33, 0x39, 0xA793, 0x36, 0x39, 0x6F, 0x75,
		0x79, 0x4F, -1931, 0x669, 0x5A, 0x57, 0x43, 0x58, 0x57, 0x43, -1932, -1933,
		-1934, -1935, -1936, -1937, -1938, -1939, -1940, -1941, -1942, -1943, -1944, -1945,
		0x11CAA, 0x1039A, 0x1099E, 0x393, 0x56, 0x54, 0x4C, 0x394, 0xA658, 0xA4F6, 0x6C, 0x190,
		0x52, 0x53, 0x33, 0x245, 0x3E, 0x41, 0x55, 0x59, 0x27, 0x27, 0x41, 0x42,
		0x43, 0x44, 0x45, 0x46, 0x47, 0x48, 0x6C, 0x4A, 0x4B, 0x4C, 0x4D, 0x4E,
		0x4F, 0x50, 0x51, 0x52, 0x53, 0x54, 0x55, 0x56, 0x57, 0x58, 0x59, 0x5A,
		0x4F, 0x6C, 0x32, 0x33, 0x34, 0x35, 0x36, 0x37, 0x38, 0x39, 0x7B, 0x2E,
		0x4FE, 0x33, 0x418, 0x56, 0x5C, 0x37, 0x46, 0x102BC, 0xA4F6, 0x52, 0x2C6F, -1946,
		0x2144, 0xA4D5, 0x190, 0x460, 0x4C, 0xA4F6, 0xA7FB, 0x3C, 0x3E, 0x228F, 0x2290, 0x2F,
		0x5C, 0x16CB, 0x548, 0x41, 0x42, 0x43, 0x44, 0x45, 0x46, 0x47, 0x48, 0x6C,
		0x4A, 0x4B, 0x4C, 0x4D, 0x4E, 0x4F, 0x50, 0x51, 0x52, 0x53, 0x54, 0x55,
		0x56, 0x57, 0x58, 0x59, 0x5A, 0x61, 0x62, 0x63, 0x64, 0x65, 0x66, 0x67,
		0x68, 0x69, 0x6A, 0x6B, 0x6C, -1947, 0x6E, 0x6F, 0x70, 0x71, 0x72, 0x73,
		0x74, 0x75, 0x76, 0x77, 0x78, 0x79, 0x7A, 0x41, 0x42, 0x43, 0x44, 0x45,
		0x46, 0x47, 0x48, 0x6C, 0x4A, 0x4B, 0x4C, 0x4D, 0x4E, 0x4F, 0x50, 0x51,
		0x52, 0x53, 0x54, 0x55, 0x56, 0x57, 0x58, 0x59, 0x5A, 0x61, 0x62, 0x63,
		0x64, 0x65, 0x66, 0x67, 0x69, 0x6A, 0x6B, 0x6C, -1948, 0x6E, 0x6F, 0x70,
		0x71, 0x72, 0x73, 0x74, 0x75, 0x76, 0x77, 0x78, 0x79, 0x7A, 0x41, 0x42,
		0x43, 0x44, 0x45, 0x46, 0x47, 0x48, 0x6C, 0x4A, 0x4B, 0x4C, 0x4D, 0x4E,
		0x4F, 0x50, 0x51, 0x52, 0x53, 0x54, 0x55, 0x56, 0x57, 0x58, 0x59, 0x5A,
		0x61, 0x62, 0x63, 0x64, 0x65, 0x66, 0x67, 0x68, 0x69, 0x6A, 0x6B, 0x6C,
		-1949, 0x6E, 0x6F, 0x70, 0x71, 0x72, 0x73, 0x74, 0x75, 0x76, 0x77, 0x78,
		0x79, 0x7A, 0x41, 0x43, 0x44, 0x47, 0x4A, 0x4B, 0x4E, 0x4F, 0x50, 0x51,
		0x53, 0x54, 0x55, 0x56, 0x57, 0x58, 0x59, 0x5A, 0x61, 0x62, 0x63, 0x64,
		0x66, 0x68, 0x69, 0x6A, 0x6B, 0x6C, -1950, 0x6E, 0x70, 0x71, 0x72, 0x73,
		0x74, 0x75, 0x76, 0x77, 0x78, 0x79, 0x7A, 0x41, 0x42, 0x43, 0x44, 0x45,
		0x46, 0x47, 0x48, 0x6C, 0x4A, 0x4B, 0x4C, 0x4D, 0x4E, 0x4F, 0x50, 0x51,
		0x52, 0x53, 0x54, 0x55, 0x56, 0x57, 0x58, 0x59, 0x5A, 0x61, 0x62, 0x63,
		0x64, 0x65, 0x66, 0x67, 0x68, 0x69, 0x6A, 0x6B, 0x6C, -1951, 0x6E, 0x6F,
		0x70, 0x71, 0x72, 0x73, 0x74, 0x75, 0x76, 0x77, 0x78, 0x79, 0x7A, 0x41,
		0x42, 0x44, 0x45, 0x46, 0x47, 0x4A, 0x4B, 0x4C, 0x4D, 0x4E, 0x4F, 0x50,
		0x51, 0x53, 0x54, 0x55, 0x56, 0x57, 0x58, 0x59, 0x61, 0x62, 0x63, 0x64,
		0x65, 0x66, 0x67, 0x68, 0x69, 0x6A, 0x6B, 0x6C, -1952, 0x6E, 0x6F, 0x70,
		0x71, 0x72, 0x73, 0x74, 0x75, 0x76, 0x77, 0x78, 0x79, 0x7A, 0x41, 0x42,
		0x44, 0x45, 0x46, 0x47, 0x6C, 0x4A, 0x4B, 0x4C, 0x4D, 0x4F, 0x53, 0x54,
		0x55, 0x56, 0x57, 0x58, 0x59, 0x61, 0x62, 0x63, 0x64, 0x65, 0x66, 0x67,
		0x68, 0x69, 0x6A, 0x6B, 0x6C, -1953, 0x6E, 0x6F, 0x70, 0x71, 0x72, 0x73,
		0x74, 0x75, 0x76, 0x77, 0x78, 0x79, 0x7A, 0x41, 0x42, 0x43, 0x44, 0x45,
		0x46, 0x47, 0x48, 0x6C, 0x4A, 0x4B, 0x4C, 0x4D, 0x4E, 0x4F, 0x50, 0x51,
		0x52, 0x53, 0x54, 0x55, 0x56, 0x57, 0x58, 0x59, 0x5A, 0x61, 0x62, 0x63,
		0x64, 0x65, 0x66, 0x67, 0x68, 0x69, 0x6A, 0x6B, 0x6C, -1954, 0x6E, 0x6F,
		0x70, 0x71, 0x72, 0x73, 0x74, 0x75, 0x76, 0x77, 0x78, 0x79, 0x7A, 0x41,
		0x42, 0x43, 0x44, 0x45, 0x46, 0x47, 0x48, 0x6C, 0x4A, 0x4B, 0x4C, 0x4D,
		0x4E, 0x4F, 0x50, 0x51, 0x52, 0x53, 0x54, 0x55, 0x56, 0x57, 0x58, 0x59,
		0x5A, 0x61, 0x62, 0x63, 0x64, 0x65, 0x66, 0x67, 0x68, 0x69, 0x6A, 0x6B,
		0x6C, -1955, 0x6E, 0x6F, 0x70, 0x71, 0x72, 0x73, 0x74, 0x75, 0x76, 0x77,
		0x78, 0x79, 0x7A, 0x41, 0x42, 0x43, 0x44, 0x45, 0x46, 0x47, 0x48, 0x6C,
		0x4A, 0x4B, 0x4C, 0x4D, 0x4E, 0x4F, 0x50, 0x51, 0x52, 0x53, 0x54, 0x55,
		0x56, 0x57, 0x58, 0x59, 0x5A, 0x61, 0x62, 0x63, 0x64, 0x65, 0x66, 0x67,
		0x68, 0x69, 0x6A, 0x6B, 0x6C, -1956, 0x6E, 0x6F, 0x70, 0x71, 0x72, 0x73,
		0x74, 0x75, 0x76, 0x77, 0x78, 0x79, 0x7A, 0x41, 0x42, 0x43, 0x44, 0x45,
		0x46, 0x47, 0x48, 0x6C, 0x4A, 0x4B, 0x4C, 0x4D, 0x4E, 0x4F, 0x50, 0x51,
		0x52, 0x53, 0x54, 0x55, 0x56, 0x57, 0x58, 0x59, 0x5A, 0x61, 0x62, 0x63,
		0x64, 0x65, 0x66, 0x67, 0x68, 0x69, 0x6A, 0x6B, 0x6C, -1957, 0x6E, 0x6F,
		0x70, 0x71, 0x72, 0x73, 0x74, 0x75, 0x76, 0x77, 0x78, 0x79, 0x7A, 0x41,
		0x42, 0x43, 0x44, 0x45, 0x46, 0x47, 0x48, 0x6C, 0x4A, 0x4B, 0x4C, 0x4D,
		0x4E, 0x4F, 0x50, 0x51, 0x52, 0x53, 0x54, 0x55, 0x56, 0x57, 0x58, 0x59,
		0x5A, 0x61, 0x62, 0x63, 0x64, 0x65, 0x66, 0x67, 0x68, 0x69, 0x6A, 0x6B,
		0x6C, -1958, 0x6E, 0x6F, 0x70, 0x71, 0x72, 0x73, 0x74, 0x75, 0x76, 0x77,
		0x78, 0x79, 0x7A, 0x41, 0x42, 0x43, 0x44, 0x45, 0x46, 0x47, 0x48, 0x6C,
		0x4A, 0x4B, 0x4C, 0x4D, 0x4E, 0x4F, 0x50, 0x51, 0x52, 0x53, 0x54, 0x55,
		0x56, 0x57, 0x58, 0x59, 0x5A, 0x61, 0x62, 0x63, 0x64, 0x65, 0x66, 0x67,
		0x68, 0x69, 0x6A, 0x6B, 0x6C, -1959, 0x6E, 0x6F, 0x70, 0x71, 0x72, 0x73,
		0x74, 0x75, 0x76, 0x77, 0x78, 0x79, 0x7A, 0x69, 0x237, 0x41, 0x42, 0x393,
		0x394, 0x45, 0x5A, 0x48, -1960, 0x6C, 0x4B, 0x245, 0x4D, 0x4E, 0x39E, 0x4F,
		0x3A0, 0x50, -1961, 0x1A9, 0x54, 0x59, 0x3A6, 0x58, 0x3A8, 0x3A9, 0x2207, 0x61,
		0xDF, 0x79, 0x1E9F, 0xA793, 0x3B6, -1962, -1963, 0x69, 0x138, 0x3BB, 0x3BC, 0x76,
		0x3BE, 0x6F, 0x3C0, 0x70, 0x3C2, 0x6F, 0x1D1B, 0x75, 0x278, 0x3C7, 0x3C8, 0x3C9,
		0x2202, 0xA793, -1964, 0x138, 0x278, 0x70, 0x3C0, 0x41, 0x42, 0x393, 0x394, 0x45,
		0x5A, 0x48, -1965, 0x6C, 0x4B, 0x245, 0x4D, 0x4E, 0x39E, 0x4F, 0x3A0, 0x50,
		-1966, 0x1A9, 0x54, 0x59, 0x3A6, 0x58, 0x3A8, 0x3A9, 0x2207, 0x61, 0xDF, 0x79,
		0x1E9F, 0xA793, 0x3B6, -1967, -1968, 0x69, 0x138, 0x3BB, 0x3BC, 0x76, 0x3BE, 0x6F,
		0x3C0, 0x70, 0x3C2, 0x6F, 0x1D1B, 0x75, 0x278, 0x3C7, 0x3C8, 0x3C9, 0x2202, 0xA793,
		-1969, 0x138, 0x278, 0x70, 0x3C0, 0x41, 0x42, 0x393, 0x394, 0x45, 0x5A, 0x48,
		-1970, 0x6C, 0x4B, 0x245, 0x4D, 0x4E, 0x39E, 0x4F, 0x3A0, 0x50, -1971, 0x1A9,
		0x54, 0x59, 0x3A6, 0x58, 0x3A8, 0x3A9, 0x2207, 0x61, 0xDF, 0x79, 0x1E9F, 0xA793,
		0x3B6, -1972, -1973, 0x69, 0x138, 0x3BB, 0x3BC, 0x76, 0x3BE, 0x6F, 0x3C0, 0x70,
		0x3C2, 0x6F, 0x1D1B, 0x75, 0x278, 0x3C7, 0x3C8, 0x3C9, 0x2202, 0xA793, -1974, 0x138,
		0x278, 0x70, 0x3C0, 0x41, 0x42, 0x393, 0x394, 0x45, 0x5A, 0x48, -1975, 0x6C,
		0x4B, 0x245, 0x4D, 0x4E, 0x39E, 0x4F, 0x3A0, 0x50, -1976, 0x1A9, 0x54, 0x59,
		0x3A6, 0x58, 0x3A8, 0x3A9, 0x2207, 0x61, 0xDF, 0x79, 0x1E9F, 0xA793, 0x3B6, -1977,
		-1978, 0x69, 0x138, 0x3BB, 0x3BC, 0x76, 0x3BE, 0x6F, 0x3C0, 0x70, 0x3C2, 0x6F,
		0x1D1B, 0x75, 0x278, 0x3C7, 0x3C8, 0x3C9, 0x2202, 0xA793, -1979, 0x138, 0x278, 0x70,
		0x3C0, 0x41, 0x42, 0x393, 0x394, 0x45, 0x5A, 0x48, -1980, 0x6C, 0x4B, 0x245,
		0x4D, 0x4E, 0x39E, 0x4F, 0x3A0, 0x50, -1981, 0x1A9, 0x54, 0x59, 0x3A6, 0x58,
		0x3A8, 0x3A9, 0x2207, 0x61, 0xDF, 0x79, 0x1E9F, 0xA793, 0x3B6, -1982, -1983, 0x69,
		0x138, 0x3BB, 0x3BC, 0x76, 0x3BE, 0x6F, 0x3C0, 0x70, 0x3C2, 0x6F, 0x1D1B, 0x75,
		0x278, 0x3C7, 0x3C8, 0x3C9, 0x2202, 0xA793, -1984, 0x138, 0x278, 0x70, 0x3C0, 0x46,
		0x3DD, 0x4F, 0x6C, 0x32, 0x33, 0x34, 0x35, 0x36, 0x37, 0x38, 0x39, 0x4F,
		0x6C, 0x32, 0x33, 0x34, 0x35, 0x36, 0x37, 0x38, 0x39, 0x4F, 0x6C, 0x32,
		0x33, 0x34, 0x35, 0x36, 0x37, 0x38, 0x39, 0x4F, 0x6C, 0x32, 0x33, 0x34,
		0x35, 0x36, 0x37, 0x38, 0x39, 0x4F, 0x6C, 0x32, 0x33, 0x34, 0x35, 0x36,
		0x37, 0x38, 0x39, 0x6C, 0x2220, 0x663, 0x38, 0x2202, -1985, 0x6C, 0x628, 0x62C,
		0x62F, 0x648, 0x632, 0x62D, 0x637, 0x649, 0x643, 0x644, 0x645, 0x646, 0x633, 0x639,
		0x641, 0x635, 0x642, 0x631, -1986, 0x62A, -1987, 0x62E, 0x630, 0x636, 0x638, 0x63A,
		0x649, 0x649, 0x6A1, 0x6A1, 0x628, 0x62C, 0x6F, 0x62D, 0x649, 0x643, 0x644, 0x645,
		0x646, 0x633, 0x639, 0x641, 0x635, 0x642, -1988, 0x62A, -1989, 0x62E, 0x636, 0x63A,
		0x62C, 0x62D, 0x649, 0x644, 0x646, 0x633, 0x639, 0x635, 0x642, -1990, 0x62E, 0x636,
		0x63A, 0x649, 0x6A1, 0x628, 0x62C, 0x6F, 0x62D, 0x637, 0x649, 0x643, 0x645, 0x646,
		0x633, 0x639, 0x641, 0x635, 0x642, -1991, 0x62A, -1992, 0x62E, 0x636, 0x638, 0x63A,
		0x649, 0x6A1, 0x6C, 0x628, 0x62C, 0x62F, 0x6F, 0x648, 0x632, 0x62D, 0x637, 0x649,
		0x644, 0x645, 0x646, 0x633, 0x639, 0x641, 0x635, 0x642, 0x631, -1993, 0x62A, -1994,
		0x62E, 0x630, 0x636, 0x638, 0x63A, 0x628, 0x62C, 0x62F, 0x648, 0x632, 0x62D, 0x637,
		0x649, 0x644, 0x645, 0x646, 0x633, 0x639, 0x641, 0x635, 0x642, 0x631, -1995, 0x62A,
		-1996, 0x62E, 0x630, 0x636, 0x638, 0x63A, -1997, -1998, -1999, -2000, -2001, -2002,
		-2003, -2004, -2005, -2006, -2007, -2008, -2009, -2010, -2011, -2012, -2013, -2014,
		-2015, -2016, -2017, -2018, -2019, -2020, -2021, -2022, -2023, -2024, -2025, -2026,
		-2027, -2028, -2029, -2030, -2031, -2032, -2033, -2034, -2035, -2036, -2037, -2038,
		-2039, -2040, -2041, -2042, -2043, -2044, -2045, -2046, 0x263D, 0x263E, 0x263D, -2047,
		0xA658, 0x394, 0x102BC, -2048, -2049, 0x2629, -2050, 0x102A8, 0x29DF, 0x43, 0x16DC, 0x22A1,
		-2051, 0x224F, 0x54, -2052, -2053, 0x22A0, 0x4F, 0x6C, 0x32, 0x33, 0x34, 0x35,
		0x36, 0x37, 0x38, 0x39, 0x276C, 0x4E3D, 0x4E38, 0x4E41, 0x20122, 0x4F60, 0x4FAE, 0x4FBB,
		0x4F75, 0x507A, 0x5099, 0x50E7, 0x50CF, 0x349E, 0x2063A, 0x514D, 0x5154, 0x5164, 0x5177, 0x2051C,
		0x34B9, 0x5167, 0x518D, 0x2054B, 0x5197, 0x51A4, 0x4ECC, 0x51AC, 0x51B5, 0x291DF, 0x51F5, 0x5203,
		0x34DF, 0x523B, 0x5246, 0x5272, 0x5277, 0x3515, 0x52C7, 0x52C9, 0x52E4, 0x52FA, 0x5305, 0x5306,
		0x5317, 0x5349, 0x5351, 0x535A, 0x5373, 0x537D, 0x537F, 0x537F, 0x537F, 0x20A2C, 0x7070, 0x53CA,
		0x53DF, 0x20B63, 0x53EB, 0x53F1, 0x5406, 0x549E, 0x5438, 0x5448, 0x5468, 0x54A2, 0x54F6, 0x5510,
		0x5553, 0x5563, 0x5584, 0x5584, 0x5599, 0x55AB, 0x55B3, 0x55C2, 0x5716, 0x5606, 0x5717, 0x5651,
		0x5674, 0x5207, 0x58EE, 0x57CE, 0x57F4, 0x580D, 0x578B, 0x5832, 0x5831, 0x58AC, 0x214E4, 0x58F2,
		0x58F7, 0x5906, 0x591A, 0x5922, 0x5962, 0x216A8, 0x216EA, 0x59EC, 0x5A1B, 0x5A27, 0x59D8, 0x5A66,
		0x36EE, 0x36FC, 0x5B08, 0x5B3E, 0x5B3E, 0x219C8, 0x5BC3, 0x5BD8, 0x5BE7, 0x5BF3, 0x21B18, 0x5BFF,
		0x5C06, 0x5F53, 0x5C22, 0x3781, 0x5C60, 0x5C6E, 0x5CC0, 0x5C8D, 0x21DE4, 0x5D43, 0x21DE6, 0x5D6E,
		0x5D6B, 0x5D7C, 0x5DE1, 0x5DE2, 0x382F, 0x5DFD, 0x5E28, 0x5E3D, 0x5E69, 0x3862, 0x22183, 0x387C,
		0x5EB0, 0x5EB3, 0x5EB6, 0x5ECA, 0x2A392, 0x5EFE, 0x22331, 0x22331, 0x8201, 0x5F22, 0x5F22, 0x38C7,
		0x232B8, 0x261DA, 0x5F62, 0x5F6B, 0x38E3, 0x5F9A, 0x5FCD, 0x5FD7, 0x5FF9, 0x6081, 0x393A, 0x391C,
		0x6094, 0x226D4, 0x60C7, 0x6148, 0x614C, 0x614E, 0x614C, 0x617A, 0x618E, 0x61B2, 0x61A4, 0x61AF,
		0x61DE, 0x61F2, 0x61F6, 0x6210, 0x621B, 0x625D, 0x62B1, 0x62D4, 0x6350, 0x22B0C, 0x633D, 0x62FC,
		0x6368, 0x6383, 0x63E4, 0x22BF1, 0x6422, 0x63C5, 0x63A9, 0x3A2E, 0x6469, 0x647E, 0x649D, 0x6477,
		0x3A6C, 0x654F, 0x656C, 0x2300A, 0x65E3, 0x66F8, 0x6649, 0x3B19, 0x6691, 0x3B08, 0x3AE4, 0x5192,
		0x5195, 0x6700, 0x669C, 0x80AD, 0x43D9, 0x6717, 0x671B, 0x6721, 0x675E, 0x6753, 0x233C3, 0x3B49,
		0x67FA, 0x6785, 0x6852, 0x6885, 0x2346D, 0x688E, 0x681F, 0x6914, 0x3B9D, 0x6942, 0x69A3, 0x69EA,
		0x6AA8, 0x236A3, 0x6ADB, 0x3C18, 0x6B21, 0x238A7, 0x6B54, 0x3C4E, 0x6B72, 0x6B9F, 0x6BBA, 0x6BBB,
		0x23A8D, 0x21D0B, 0x23AFA, 0x6C4E, 0x23CBC, 0x6CBF, 0x6CCD, 0x6C67, 0x6D16, 0x6D3E, 0x6D77, 0x6D41,
		0x6D69, 0x6D78, 0x6D85, 0x23D1E, 0x6D34, 0x6E2F, 0x6E6E, 0x3D33, 0x6ECB, 0x6EC7, 0x23ED1, 0x6DF9,
		0x6F6E, 0x23F5E, 0x23F8E, 0x6FC6, 0x7039, 0x701E, 0x701B, 0x3D96, 0x704A, 0x707D, 0x7077, 0x70AD,
		0x20525, 0x7145, 0x24263, 0x719C, 0x243AB, 0x7228, 0x7235, 0x7250, 0x24608, 0x7280, 0x7295, 0x24735,
		0x24814, 0x737A, 0x738B, 0x3EAC, 0x73A5, 0x3EB8, 0x3EB8, 0x7447, 0x745C, 0x7471, 0x7485, 0x74CA,
		0x3F1B, 0x7524, 0x24C36, 0x753E, 0x24C92, 0x7570, 0x2219F, 0x7610, 0x24FA1, 0x24FB8, 0x25044, 0x3FFC,
		0x4008, 0x76F4, 0x250F3, 0x250F2, 0x25119, 0x25133, 0x771E, 0x771F, 0x771F, 0x774A, 0x4039, 0x778B,
		0x4046, 0x4096, 0x2541D, 0x784E, 0x788C, 0x78CC, 0x40E3, 0x25626, 0x7956, 0x2569A, 0x256C5, 0x798F,
		0x79EB, 0x412F, 0x7A40, 0x7A4A, 0x7A4F, 0x2597C, 0x25AA7, 0x25AA7, 0x7AEE, 0x4202, 0x25BAB, 0x7BC6,
		0x7BC9, 0x4227, 0x25C80, 0x7CD2, 0x42A0, 0x7CE8, 0x7CE3, 0x7D00, 0x25F86, 0x7D63, 0x4301, 0x7DC7,
		0x7E02, 0x7E45, 0x4334, 0x26228, 0x26247, 0x4359, 0x262D9, 0x7F7A, 0x2633E, 0x7F95, 0x7FFA, 0x8005,
		0x264DA, 0x26523, 0x8060, 0x265A8, 0x8070, 0x2335F, 0x43D5, 0x80B2, 0x8103, 0x440B, 0x813E, 0x5AB5,
		0x267A7, 0x267B5, 0x23393, 0x2339C, 0x8201, 0x8204, 0x8F9E, 0x446B, 0x8291, 0x828B, 0x829D, 0x52B3,
		0x82B1, 0x82B3, 0x82BD, 0x82E6, 0x26B3C, 0x82E5, 0x831D, 0x8363, 0x83AD, 0x8323, 0x83BD, 0x83E7,
		0x8457, 0x8353, 0x83CA, 0x83CC, 0x83DC, 0x26C36, 0x26D6B, 0x26CD5, 0x452B, 0x84F1, 0x84F3, 0x8516,
		0x273CA, 0x8564, 0x26F2C, 0x455D, 0x4561, 0x26FB1, 0x270D2, 0x456B, 0x8650, 0x865C, 0x8667, 0x8669,
		0x86A9, 0x8688, 0x870E, 0x86E2, 0x8779, 0x8728, 0x876B, 0x8786, 0x45D7, 0x87E1, 0x8801, 0x45F9,
		0x8860, 0x8863, 0x27667, 0x88D7, 0x88DE, 0x4635, 0x88FA, 0x34BB, 0x278AE, 0x27966, 0x46BE, 0x46C7,
		0x8AA0, 0x8AED, 0x8B8A, 0x8C55, 0x27CA8, 0x8CAB, 0x8CC1, 0x8D1B, 0x8D77, 0x27F2F, 0x20804, 0x8DCB,
		0x8DBC, 0x8DF0, 0x208DE, 0x8ED4, 0x8F38, 0x285D2, 0x285ED, 0x9094, 0x90F1, 0x9111, 0x2872E, 0x911B,
		0x9238, 0x92D7, 0x92D8, 0x927C, 0x93F9, 0x9415, 0x28BFA, 0x958B, 0x4995, 0x95B7, 0x28D77, 0x49E6,
		0x96C3, 0x5DB2, 0x9723, 0x29145, 0x2921A, 0x4A6E, 0x4A76, 0x97E0, 0x2940A, 0x4AB2, 0x29496, 0x980B,
		0x980B, 0x9829, 0x295B6, 0x98E2, 0x4B33, 0x9929, 0x99A7, 0x99C2, 0x99FE, 0x4BCE, 0x29B30, 0x9B12,
		0x9C40, 0x9CFD, 0x4CCE, 0x4CED, 0x9D67, 0x2A0CE, 0x4CF8, 0x2A105, 0x2A20E, 0x2A291, 0x9EBB, 0x4D56,
		0x9EF9, 0x9EFE, 0x9F05, 0x9F0F, 0x9F16, 0x9F3B, 0x2A600,
	};

	/// <summary>Replacements that are more than one code point long.</summary>
	private static readonly string[] Sequences =
	{
		"\u0027\u0027", "\u00BA\u002F\u2080", "\u0072\u006E", "\u0063\u0338", "\u0059\u0335", "\u0041\u0045",
		"\u0043\u0326", "\u0044\u0335", "\u004F\u0338", "\u0061\u0065", "\u0063\u0326", "\u2202\u0335",
		"\u006F\u0338", "\u0044\u0335", "\u0064\u0335", "\u0048\u0335", "\u0068\u0335", "\u006C\u004A",
		"\u0069\u006A", "\u006C\u00B7", "\u006C\u00B7", "\u004C\u0338", "\u006C\u0338", "\u0027\u006E",
		"\u004F\u0045", "\u006F\u0065", "\u0054\u0335", "\u0074\u0335", "\u0062\u0335", "\u0027\u0042",
		"\u0062\u0304", "\u0062\u0304", "\u0043\u0027", "\u0044\u0335", "\u0027\u0044", "\u0064\u0304",
		"\u0046\u0326", "\u0066\u0326", "\u0047\u0027", "\u006C\u0335", "\u004B\u0027", "\u006B\u0314",
		"\u006C\u0335", "\u03BB\u0338", "\u004E\u0326", "\u006E\u0329", "\u004F\u0335", "\u004F\u0027",
		"\u006F\u0027", "\u0027\u0050", "\u0070\u0314", "\u0027\u0054", "\u0074\u0314", "\u0054\u0328",
		"\u0027\u0059", "\u0079\u0314", "\u005A\u0335", "\u007A\u0335", "\u0032\u0335", "\u006C\u006C",
		"\u0044\u017D", "\u0044\u017E", "\u0064\u017E", "\u004C\u004A", "\u004C\u006A", "\u006C\u006A",
		"\u004E\u004A", "\u004E\u006A", "\u006E\u006A", "\u0047\u0335", "\u0067\u0335", "\u0044\u005A",
		"\u0044\u007A", "\u0064\u007A", "\u004F\u0338\u0301", "\u005A\u0326", "\u007A\u0326", "\u0063\u0338",
		"\u0054\u0338", "\u0055\u0335", "\u0045\u0338", "\u0065\u0338", "\u004A\u0335", "\u006A\u0335",
		"\u0072\u0335", "\u0059\u0335", "\u0079\u0335", "\u0062\u0314", "\u0064\u0328", "\u0064\u0314",
		"\u01DD\u02DE", "\u0067\u0314", "\u0068\u0314", "\u0069\u0335", "\u006C\u0334", "\u006C\u0328",
		"\u006C\u021D", "\u0072\u006E\u0326", "\u006E\u0328", "\u006F\u0335", "\u006F\u1D07", "\u0072\u0329",
		"\u0072\u0328", "\u0073\u0328", "\u007A\u0328", "\u0071\u0314", "\u0064\u007A", "\u0064\u021D",
		"\u0064\u0291", "\u0074\u0073", "\u0074\u0283", "\u0074\u0255", "\u0066\u014B", "\u006C\u0073",
		"\u006C\u007A", "\u0027\u0027", "\u0027\u0027", "\u0027\u0027", "\u0027\u0027", "\u0306\u0307",
		"\u004F\u0335", "\u006E\u0329", "\u004F\u0335", "\u004F\u0335", "\u004F\u0335", "\u0062\u0304",
		"\u0062\u006C", "\u006C\u004F", "\u02C9\u0062", "\u0185\u0069", "\u0068\u0335", "\u0062\u0335",
		"\u0062\u0335", "\u004F\u0335", "\u006F\u0335", "\u0460\u0486\u0487", "\u0077\u0486\u0487", "\u040D\u0326",
		"\u0439\u0326", "\u0062\u0335", "\u0062\u0335", "\u0393\u0027", "\u0072\u0027", "\u0393\u0335",
		"\u0072\u0335", "\u0416\u0329", "\u0436\u0329", "\u0033\u0326", "\u025C\u0326", "\u004B\u0329",
		"\u0138\u0329", "\u004B\u0335", "\u0138\u0335", "\u0048\u0329", "\u029C\u0329", "\u0043\u0326",
		"\u0063\u0326", "\u0054\u0329", "\u1D1B\u0329", "\u0059\u0335", "\u0079\u0335", "\u0058\u0329",
		"\u04BC\u0328", "\u0065\u0328", "\u0245\u0326", "\u043B\u0326", "\u0048\u0326", "\u029C\u0326",
		"\u0048\u0326", "\u029C\u0326", "\u004D\u0326", "\u028D\u0326", "\u0041\u0045", "\u0061\u0065",
		"\u004F\u0335", "\u006F\u0335", "\u0565\u0582", "\u006C\u006C", "\u006C\u0027", "\u0027\u0027",
		"\u0027\u0027", "\u00BA\u002F\u2080\u2080", "\u00BA\u002F\u2080\u2080\u2080", "\u006C\u0674", "\u0648\u0674", "\u006C\u0655",
		"\u0649\u0674", "\u0649\u06DB", "\u0633\u06DB", "\u0649\u0302", "\u0649\u06DB", "\u00BA\u002F\u2080",
		"\u006C\u0674", "\u006C\u0655", "\u006C\u0674", "\u0648\u0674", "\u0648\u0313\u0674", "\u0649\u0674",
		"\u0649\u0615", "\u0649\u06DB", "\u062D\u0654", "\u062D\u06DB", "\u062F\u0615", "\u068A\u0615",
		"\u062F\u06DB", "\u0631\u0615", "\u0631\u0306", "\u0631\u06DB", "\u0635\u06DB", "\u0637\u06DB",
		"\u06A1\u06DB", "\u06A1\u06DB", "\u0643\u06DB", "\u06AF\u06DB", "\u0644\u0306", "\u0644\u06DB",
		"\u0649\u0615", "\u0649\u06DB", "\u0648\u0306", "\u0648\u0313", "\u0648\u0670", "\u0648\u0302",
		"\u0648\u06DB", "\u0649\u0306", "\u0649\u06DB", "\u0306\u0307", "\u062F\u0302", "\u0631\u0302",
		"\u0621\u0348", "\u0645\u0348", "\u006F\u0302", "\u0628\u06DB", "\u0649\u0306", "\u0643\u06DB",
		"\u0646\u0615", "\u0646\u0306", "\u0631\u0654", "\u0697\u0615", "\u062D\u0654", "\u0633\u0302",
		"\u0628\u0654", "\u06A2\u06DB", "\u0645\u06DB", "\u0649\u0654", "\u062F\u0324\u0323", "\u0635\u0324\u0323",
		"\u0632\u0302", "\u0628\u06E2", "\u0649\u06DB\u06E2", "\u0631\u0306\u0307", "\u0649\u0306\u0307", "\u0306\u0307",
		"\u0905\u0946", "\u0905\u093E", "\u0930\u094D\u0907", "\u090F\u0945", "\u090F\u0946", "\u090F\u0947",
		"\u0905\u0949", "\u0905\u093E\u0946", "\u0905\u093E\u0947", "\u0905\u093E\u0948", "\u0964\u0964", "\u0306\u0307",
		"\u0985\u09BE", "\u098B\u09C3", "\u098B\u09C3", "\u0A05\u0A3E", "\u0A72\u0A3F", "\u0A72\u0A40",
		"\u0A73\u0A41", "\u0A73\u0A42", "\u0A72\u0A47", "\u0A05\u0A48", "\u0A05\u0A4C", "\u0306\u0307",
		"\u0A85\u0ABE", "\u0A85\u0AC5", "\u0A85\u0AC7", "\u0A85\u0AC8", "\u0A85\u0ABE\u0AC5", "\u0A85\u0ABE\u0AC7",
		"\u0A85\u0ABE\u0AC8", "\u0306\u0307", "\u0B05\u0B3E", "\u0B89\u0BB3", "\u0BC6\u0B88", "\u0BC7\u0B88",
		"\u0BC6\u0BB3", "\u0B88\u0BC1", "\u0B9A\u0BC1", "\u0B9A\u0BC2", "\u0BAE\u0BC0", "\u0B8E\u0BB5",
		"\u0BA8\u0BC0", "\u0306\u0307", "\u0C12\u0C55", "\u0C12\u0C4C", "\u0C30\u05BC", "\u0C21\u0323",
		"\u0C27\u05BC", "\u0C2C\u0323", "\u0C35\u0C41", "\u0C35\u0323", "\u0C35\u0C3E", "\u0C41\u0C3E",
		"\u0C43\u0C3E", "\u0C0B\u0C3E", "\u0C0C\u0C3E", "\u0306\u0307", "\u0C12\u0C55", "\u0C12\u0C4C",
		"\u0C8C\u0CBE", "\u0306\u0307", "\u0D07\u0D57", "\u0B89\u0D57", "\u0D28\u0D41", "\u0D0E\u0D46",
		"\u0D12\u0D3E", "\u0D12\u0D57", "\u0D28\u0D41", "\u0B9F\u0BBF", "\u0D46\u0D46", "\u0D28\u0D4D\u0D2E",
		"\u006F\u0D30\u006F", "\u0D30\u0D4D", "\u0D26\u0D4D\u0D30", "\u0D28\u0D4D\u0D28", "\u0D35\u0D4D\u0D30", "\u0D28\u0D4D",
		"\u0D39\u0D4D\u0D2E", "\u0D28\u0D41", "\u0D28\u0D4D", "\u0D30\u0D4D", "\u0DE8\u0DCF", "\u0DE8\u0DD3",
		"\u030A\u0E32", "\u0E40\u0E40", "\u030A\u0EB2", "\u0EAB\u0E99", "\u0EAB\u0EA1", "\u0F68\u0F7C\u0F7E",
		"\u0F60\u0F74\u0F82\u0F7F", "\u0F60\u0F74\u0F82\u0F14", "\u0F0D\u0F0D", "\u0F1A\u0F1A", "\u0F1D\u0F1D", "\u0F1A\u0F1D",
		"\u0FB2\u0F71\u0F80", "\u0FB3\u0F71\u0F80", "\u0F1D\u0F1A", "\u1002\u102C", "\u006F\u102C", "\u1015\u102C",
		"\u101E\u103C", "\u101E\u103C\u1031\u102C\u103A", "\u104A\u104A", "\u1015\u103E", "\u1015\u102C\u103E", "\u1003\u103E",
		"\u107D\u103E", "\u1002\u103E", "\u1083\u030A", "\u1100\u1100", "\u1103\u1103", "\u1107\u1107",
		"\u1109\u1109", "\u110C\u110C", "\u1102\u1100", "\u1102\u1102", "\u1102\u1103", "\u1102\u1107",
		"\u1103\u1100", "\u1105\u1102", "\u1105\u1105", "\u1105\u1112", "\u1105\u110B", "\u1106\u1107",
		"\u1106\u110B", "\u1107\u1100", "\u1107\u1102", "\u1107\u1103", "\u1107\u1109", "\u1107\u1109\u1100",
		"\u1107\u1109\u1103", "\u1107\u1109\u1107", "\u1107\u1109\u1109", "\u1107\u1109\u110C", "\u1107\u110C", "\u1107\u110E",
		"\u1107\u1110", "\u1107\u1111", "\u1107\u110B", "\u1107\u1107\u110B", "\u1109\u1100", "\u1109\u1102",
		"\u1109\u1103", "\u1109\u1105", "\u1109\u1106", "\u1109\u1107", "\u1109\u1107\u1100", "\u1109\u1109\u1109",
		"\u1109\u110B", "\u1109\u110C", "\u1109\u110E", "\u1109\u110F", "\u1109\u1110", "\u1109\u1111",
		"\u1105\u1112", "\u113C\u113C", "\u113E\u113E", "\u110B\u1100", "\u110B\u1103", "\u110B\u1106",
		"\u110B\u1107", "\u110B\u1109", "\u110B\u1140", "\u110B\u110B", "\u110B\u110C", "\u110B\u110E",
		"\u110B\u1110", "\u110B\u1111", "\u110C\u110B", "\u114E\u114E", "\u1150\u1150", "\u110E\u110F",
		"\u110E\u1112", "\u1111\u1107", "\u1111\u110B", "\u1112\u1112", "\u1100\u1103", "\u1102\u1109",
		"\u1102\u110C", "\u1102\u1112", "\u1103\u1105", "\u1161\u4E28", "\u1163\u4E28", "\u1165\u4E28",
		"\u1167\u4E28", "\u1169\u1161", "\u1169\u1161\u4E28", "\u1169\u4E28", "\u116E\u1165", "\u116E\u1165\u4E28",
		"\u116E\u4E28", "\u30FC\u4E28", "\u1161\u1169", "\u1161\u116E", "\u1163\u1169", "\u1163\u116D",
		"\u1165\u1169", "\u1165\u116E", "\u1165\u30FC", "\u1167\u1169", "\u1167\u116E", "\u1169\u1165",
		"\u1169\u1165\u4E28", "\u1169\u1167\u4E28", "\u1169\u1169", "\u1169\u116E", "\u116D\u1163", "\u116D\u1163\u4E28",
		"\u116D\u1163", "\u116D\u1169", "\u116D\u4E28", "\u116E\u1161", "\u116E\u1161\u4E28", "\u116E\u1165\u30FC",
		"\u116E\u1167\u4E28", "\u116E\u116E", "\u1172\u1161", "\u1172\u1165", "\u1172\u1165\u4E28", "\u1172\u1167",
		"\u1172\u1167\u4E28", "\u1172\u116E", "\u1172\u4E28", "\u30FC\u116E", "\u30FC\u30FC", "\u30FC\u4E28\u116E",
		"\u4E28\u1161", "\u4E28\u1163", "\u4E28\u1169", "\u4E28\u116E", "\u4E28\u30FC", "\u4E28\u119E",
		"\u119E\u1165", "\u119E\u116E", "\u119E\u4E28", "\u119E\u119E", "\u1161\u30FC", "\u1163\u116E",
		"\u1167\u1163", "\u1169\u1163", "\u1169\u1163\u4E28", "\u1100\u1100", "\u1100\u1109", "\u1102\u110C",
		"\u1102\u1112", "\u1105\u1100", "\u1105\u1106", "\u1105\u1107", "\u1105\u1109", "\u1105\u1110",
		"\u1105\u1111", "\u1105\u1112", "\u1107\u1109", "\u1109\u1109", "\u1100\u1105", "\u1100\u1109\u1100",
		"\u1102\u1100", "\u1102\u1103", "\u1102\u1109", "\u1102\u1140", "\u1102\u1110", "\u1103\u1100",
		"\u1103\u1105", "\u1105\u1100\u1109", "\u1105\u1102", "\u1105\u1103", "\u1105\u1103\u1112", "\u1105\u1105",
		"\u1105\u1106\u1100", "\u1105\u1106\u1109", "\u1105\u1107\u1109", "\u1105\u1107\u1112", "\u1105\u1107\u110B", "\u1105\u1109\u1109",
		"\u1105\u1140", "\u1105\u110F", "\u1105\u1159", "\u1106\u1100", "\u1106\u1105", "\u1106\u1107",
		"\u1106\u1109", "\u1106\u1109\u1109", "\u1106\u1140", "\u1106\u110E", "\u1106\u1112", "\u1106\u110B",
		"\u1107\u1105", "\u1107\u1111", "\u1107\u1112", "\u1107\u110B", "\u1109\u1100", "\u1109\u1103",
		"\u1109\u1105", "\u1109\u1107", "\u110B\u1100", "\u110B\u1100\u1100", "\u110B\u110B", "\u110B\u110F",
		"\u110B\u1109", "\u110B\u1140", "\u1111\u1107", "\u1111\u110B", "\u1112\u1102", "\u1112\u1105",
		"\u1112\u1106", "\u1112\u1107", "\u1100\u1102", "\u1100\u1107", "\u1100\u110E", "\u1100\u110F",
		"\u1100\u1112", "\u1102\u1102", "\u004F\u0027", "\u004F\u0335", "\u0055\u0335", "\u004F\u0335",
		"\u0068\u0314", "\u00B7\u1401", "\u1401\u00B7", "\u00B7\u0394", "\u0394\u00B7", "\u00B7\u1404",
		"\u1404\u00B7", "\u00B7\u1405", "\u1405\u00B7", "\u00B7\u1406", "\u1406\u00B7", "\u00B7\u140A",
		"\u140A\u00B7", "\u00B7\u140B", "\u140B\u00B7", "\u1401\u1420", "\u0394\u1420", "\u1405\u1420",
		"\u140A\u1420", "\u00B7\u003E", "\u00B7\u0056", "\u0056\u00B7", "\u00B7\u0245", "\u0245\u00B7",
		"\u00B7\u1432", "\u1432\u00B7", "\u00B7\u003E", "\u003E\u00B7", "\u00B7\u1434", "\u1434\u00B7",
		"\u00B7\u003C", "\u003C\u00B7", "\u00B7\u1439", "\u1439\u00B7", "\u00B7\u1450", "\u00B7\u0055",
		"\u0055\u00B7", "\u00B7\u0548", "\u0548\u00B7", "\u00B7\u144F", "\u144F\u00B7", "\u00B7\u1450",
		"\u1450\u00B7", "\u00B7\u1451", "\u1451\u00B7", "\u00B7\u1455", "\u1455\u00B7", "\u00B7\u1456",
		"\u1456\u00B7", "\u0055\u0027", "\u0548\u0027", "\u1450\u0027", "\u1455\u0027", "\u0062\u0307",
		"\u00B7\u146B", "\u146B\u00B7", "\u00B7\u0050", "\u0070\u00B7", "\u00B7\u146E", "\u146E\u00B7",
		"\u00B7\u0064", "\u0064\u00B7", "\u00B7\u1470", "\u1470\u00B7", "\u00B7\u0062", "\u0062\u00B7",
		"\u00B7\u0062\u0307", "\u0062\u0307\u00B7", "\u146B\u0027", "\u0050\u0027", "\u0064\u0027", "\u0062\u0027",
		"\u00B7\u1489", "\u1489\u00B7", "\u00B7\u148B", "\u148B\u00B7", "\u00B7\u148C", "\u148C\u00B7",
		"\u00B7\u004A", "\u004A\u00B7", "\u00B7\u148E", "\u148E\u00B7", "\u00B7\u1490", "\u1490\u00B7",
		"\u00B7\u1491", "\u1491\u00B7", "\u00B7\u14A3", "\u14A3\u00B7", "\u00B7\u0393", "\u0393\u00B7",
		"\u00B7\u14A6", "\u14A6\u00B7", "\u00B7\u14A7", "\u14A7\u00B7", "\u00B7\u14A8", "\u14A8\u00B7",
		"\u00B7\u004C", "\u006C\u00B7", "\u00B7\u14AB", "\u14AB\u00B7", "\u00B7\u14C0", "\u14C0\u00B7",
		"\u00B7\u14C7", "\u14C7\u00B7", "\u00B7\u14C8", "\u14C8\u00B7", "\u00B7\u14D3", "\u14D3\u00B7",
		"\u00B7\u14D5", "\u14D5\u00B7", "\u00B7\u14D6", "\u14D6\u00B7", "\u00B7\u14D7", "\u14D7\u00B7",
		"\u00B7\u14D8", "\u14D8\u00B7", "\u00B7\u14DA", "\u14DA\u00B7", "\u00B7\u14DB", "\u14DB\u00B7",
		"\u00B7\u14ED", "\u14ED\u00B7", "\u00B7\u14EF", "\u14EF\u00B7", "\u00B7\u14F0", "\u14F0\u00B7",
		"\u00B7\u14F1", "\u14F1\u00B7", "\u00B7\u14F2", "\u14F2\u00B7", "\u00B7\u14F4", "\u14F4\u00B7",
		"\u00B7\u14F5", "\u14F5\u00B7", "\u150B\u003C", "\u150B\u1455", "\u150B\u0062", "\u150B\u1490",
		"\u00B7\u1510", "\u1510\u00B7", "\u00B7\u1511", "\u1511\u00B7", "\u00B7\u1512", "\u1512\u00B7",
		"\u00B7\u1513", "\u1513\u00B7", "\u00B7\u1514", "\u1514\u00B7", "\u00B7\u1515", "\u1515\u00B7",
		"\u00B7\u1516", "\u1516\u00B7", "\u00B7\u0034", "\u0034\u00B7", "\u00B7\u1528", "\u1528\u00B7",
		"\u00B7\u1529", "\u1529\u00B7", "\u00B7\u152A", "\u152A\u00B7", "\u00B7\u152B", "\u152B\u00B7",
		"\u00B7\u152D", "\u152D\u00B7", "\u00B7\u152E", "\u152E\u00B7", "\u00B7\u154C", "\u154C\u00B7",
		"\u00B7\u155A", "\u155A\u00B7", "\u00B7\u1567", "\u1567\u00B7", "\u1550\u146C", "\u1550\u0050",
		"\u1550\u146E", "\u1550\u0064", "\u1550\u1470", "\u1550\u0062", "\u1550\u0062\u0307", "\u1550\u1483",
		"\u1595\u148A", "\u1595\u148B", "\u1595\u148C", "\u1595\u004A", "\u1595\u148E", "\u1595\u1490",
		"\u1595\u1491", "\u1550\u146B", "\u1595\u1489", "\u1596\u148B", "\u1596\u148C", "\u1596\u004A",
		"\u1596\u148E", "\u1596\u1490", "\u1596\u1491", "\u15A7\u00B7", "\u15A8\u00B7", "\u15A9\u00B7",
		"\u15AA\u00B7", "\u15AB\u00B7", "\u15AC\u00B7", "\u15AD\u00B7", "\u00B7\u18B1", "\u00B7\u18B4",
		"\u00B7\u18B8", "\u00B7\u18C0", "\u00B7\u14C2", "\u14C2\u00B7", "\u00B7\u14C3", "\u14C3\u00B7",
		"\u00B7\u14C4", "\u14C4\u00B7", "\u00B7\u14C5", "\u14C5\u00B7", "\u00B7\u1543", "\u00B7\u1546",
		"\u00B7\u1547", "\u00B7\u1548", "\u00B7\u1549", "\u00B7\u154B", "\u18DF\u141E", "\u141E\u18DF",
		"\u1543\u00B7", "\u155E\u00B7", "\u1566\u00B7", "\u156B\u00B7", "\u1586\u00B7", "\u1597\u00B7",
		"\u0460\u00B7", "\u15F4\u00B7", "\u161B\u00B7", "\u1AA8\u1AA8", "\u1AAA\u1AA8", "\u1B5E\u1B5E",
		"\u1C3B\u1C3B", "\u1C7E\u1C7E", "\u0027\u0027", "\u01DD\u006F", "\u0075\u0065", "\u0066\u0334",
		"\u0072\u006E\u0334", "\u006E\u0334", "\u0072\u0334", "\u027E\u0334", "\u0073\u0334", "\u0074\u0334",
		"\u007A\u0334", "\u0069\u0335", "\u0069\u0335", "\u0070\u0335", "\u0075\u0335", "\u028A\u0335",
		"\u006C\u006C", "\u0027\u0027", "\u0027\u0027", "\u0027\u0027", "\u002E\u002E", "\u002E\u002E\u002E",
		"\u00BA\u002F\u2080\u2080", "\u00BA\u002F\u2080\u2080\u2080", "\u0027\u0027", "\u0027\u0027\u0027", "\u0027\u0027", "\u0027\u0027\u0027",
		"\u0021\u0021", "\u003F\u003F", "\u003F\u0021", "\u0021\u003F", "\u00BA\u002F\u2080", "\u0027\u0027\u0027\u0027",
		"\u0043\u20EB", "\u0072\u006E\u0338", "\u0052\u0073", "\u0057\u0335", "\u0064\u0335\u0331", "\u004B\u0335",
		"\u0054\u20EB", "\u006C\u0074", "\u0061\u002F\u0063", "\u0061\u002F\u0073", "\u00B0\u0043", "\u0063\u002F\u006F",
		"\u0063\u002F\u0075", "\u00B0\u0046", "\u0068\u0335", "\u004E\u006F", "\u0054\u0045\u004C", "\u0046\u0041\u0058",
		"\u006C\u006C", "\u006C\u006C\u006C", "\u006C\u0056", "\u0056\u006C", "\u0056\u006C\u006C", "\u0056\u006C\u006C\u006C",
		"\u006C\u0058", "\u0058\u006C", "\u0058\u006C\u006C", "\u0069\u0069", "\u0069\u0069\u0069", "\u0069\u0076",
		"\u0076\u0069", "\u0076\u0069\u0069", "\u0076\u0069\u0069\u0069", "\u0069\u0078", "\u0078\u0069", "\u0078\u0069\u0069",
		"\u0072\u006E", "\u002B\u0307", "\u006F\u006F", "\u006C\u006C", "\u0283\u0283", "\u0283\u0283\u0283",
		"\u222E\u222E", "\u222E\u222E\u222E", "\u002D\u0307", "\u003D\u0307", "\u003D\u0307\u0323", "\u003D\u030A",
		"\u003D\u0302", "\u003D\u0306", "\u003D\u036B", "\u003C\u003C", "\u003E\u003E", "\u004F\u0335",
		"\u004F\u0335", "\u003C\u00B7", "\u00B7\u003E", "\u003C\u003C\u003C", "\u003E\u003E\u003E", "\u00B7\u00B7\u00B7",
		"\u0394\u0332", "\u16DC\u0332", "\u00B0\u0332", "\u0054\u0308", "\u2207\u0308", "\u22C6\u0308",
		"\u00B0\u0308", "\u007E\u0308", "\u2207\u0334", "\u004F\u0335", "\u0061\u0332", "\uA793\u0332",
		"\u0069\u0332", "\u03C9\u0332", "\u2081\u2080", "\u005C\u005C", "\u0028\u006C\u0029", "\u0028\u0032\u0029",
		"\u0028\u0033\u0029", "\u0028\u0034\u0029", "\u0028\u0035\u0029", "\u0028\u0036\u0029", "\u0028\u0037\u0029", "\u0028\u0038\u0029",
		"\u0028\u0039\u0029", "\u0028\u006C\u004F\u0029", "\u0028\u006C\u006C\u0029", "\u0028\u006C\u0032\u0029", "\u0028\u006C\u0033\u0029", "\u0028\u006C\u0034\u0029",
		"\u0028\u006C\u0035\u0029", "\u0028\u006C\u0036\u0029", "\u0028\u006C\u0037\u0029", "\u0028\u006C\u0038\u0029", "\u0028\u006C\u0039\u0029", "\u0028\u0032\u004F\u0029",
		"\u006C\u002E", "\u0032\u002E", "\u0033\u002E", "\u0034\u002E", "\u0035\u002E", "\u0036\u002E",
		"\u0037\u002E", "\u0038\u002E", "\u0039\u002E", "\u006C\u004F\u002E", "\u006C\u006C\u002E", "\u006C\u0032\u002E",
		"\u006C\u0033\u002E", "\u006C\u0034\u002E", "\u006C\u0035\u002E", "\u006C\u0036\u002E", "\u006C\u0037\u002E", "\u006C\u0038\u002E",
		"\u006C\u0039\u002E", "\u0032\u004F\u002E", "\u0028\u0061\u0029", "\u0028\u0062\u0029", "\u0028\u0063\u0029", "\u0028\u0064\u0029",
		"\u0028\u0065\u0029", "\u0028\u0066\u0029", "\u0028\u0067\u0029", "\u0028\u0068\u0029", "\u0028\u0069\u0029", "\u0028\u006A\u0029",
		"\u0028\u006B\u0029", "\u0028\u006C\u0029", "\u0028\u0072\u006E\u0029", "\u0028\u006E\u0029", "\u0028\u006F\u0029", "\u0028\u0070\u0029",
		"\u0028\u0071\u0029", "\u0028\u0072\u0029", "\u0028\u0073\u0029", "\u0028\u0074\u0029", "\u0028\u0075\u0029", "\u0028\u0076\u0029",
		"\u0028\u0077\u0029", "\u0028\u0078\u0029", "\u0028\u0079\u0029", "\u0028\u007A\u0029", "\U0001D158\U0001D165", "\U0001D158\U0001D165\U0001D16E",
		"\u005C\u1455", "\u1450\u002F", "\u16D0\u16DA", "\u21C3\u21C2", "\u16D0\u21C2", "\u21C3\u16DA",
		"\u003A\u2192", "\u002F\u0304", "\u0283\u0283\u0283\u0283", "\u003E\u003E", "\u002B\u030A", "\u002B\u0302",
		"\u002B\u0303", "\u002B\u0323", "\u002B\u0330", "\u002B\u2082", "\u002D\u0313", "\u002D\u0323",
		"\u0078\u0307", "\u007E\u0307", "\u003D\u20F0", "\u003A\u003A\u003D", "\u003D\u003D", "\u003D\u003D\u003D",
		"\u003E\u003C", "\u1450\u1455", "\u002F\u002F\u002F", "\u002F\u002F", "\u0048\u0329", "\u004B\u0329",
		"\u003C\u00B7", "\u005C\u005C", "\u004F\u0335", "\u004F\u0338", "\u00B7\u00B7\u00B7", "\u002D\u0308",
		"\u007E\u0307", "\u007E\u0323", "\u0028\u0028", "\u0029\u0029", "\u0027\u0027", "\u1100\u1100",
		"\u1100\u1109", "\u1102\u110C", "\u1102\u1112", "\u1103\u1103", "\u1105\u1100", "\u1105\u1106",
		"\u1105\u1107", "\u1105\u1109", "\u1105\u1110", "\u1105\u1111", "\u1105\u1112", "\u1107\u1107",
		"\u1107\u1109", "\u1109\u1109", "\u110C\u110C", "\u1161\u4E28", "\u1163\u4E28", "\u1165\u4E28",
		"\u1167\u4E28", "\u1169\u1161", "\u1169\u1161\u4E28", "\u1169\u4E28", "\u116E\u1165", "\u116E\u1165\u4E28",
		"\u116E\u4E28", "\u30FC\u4E28", "\u1102\u1102", "\u1102\u1103", "\u1102\u1109", "\u1102\u1140",
		"\u1105\u1100\u1109", "\u1105\u1103", "\u1105\u1107\u1109", "\u1105\u1140", "\u1105\u1159", "\u1106\u1107",
		"\u1106\u1109", "\u1106\u1140", "\u1106\u110B", "\u1107\u1100", "\u1107\u1103", "\u1107\u1109\u1100",
		"\u1107\u1109\u1103", "\u1107\u110C", "\u1107\u1110", "\u1107\u110B", "\u1107\u1107\u110B", "\u1109\u1100",
		"\u1109\u1102", "\u1109\u1103", "\u1109\u1107", "\u1109\u110C", "\u110B\u110B", "\u110B\u1109",
		"\u110B\u1140", "\u1111\u110B", "\u1112\u1112", "\u116D\u1163", "\u116D\u1163\u4E28", "\u116D\u4E28",
		"\u1172\u1167", "\u1172\u1167\u4E28", "\u1172\u4E28", "\u119E\u4E28", "\u0028\u1100\u0029", "\u0028\u1102\u0029",
		"\u0028\u1103\u0029", "\u0028\u1105\u0029", "\u0028\u1106\u0029", "\u0028\u1107\u0029", "\u0028\u1109\u0029", "\u0028\u110B\u0029",
		"\u0028\u110C\u0029", "\u0028\u110E\u0029", "\u0028\u110F\u0029", "\u0028\u1110\u0029", "\u0028\u1111\u0029", "\u0028\u1112\u0029",
		"\u0028\uAC00\u0029", "\u0028\uB098\u0029", "\u0028\uB2E4\u0029", "\u0028\uB77C\u0029", "\u0028\uB9C8\u0029", "\u0028\uBC14\u0029",
		"\u0028\uC0AC\u0029", "\u0028\uC544\u0029", "\u0028\uC790\u0029", "\u0028\uCC28\u0029", "\u0028\uCE74\u0029", "\u0028\uD0C0\u0029",
		"\u0028\uD30C\u0029", "\u0028\uD558\u0029", "\u0028\uC8FC\u0029", "\u0028\uC624\uC804\u0029", "\u0028\uC624\uD6C4\u0029", "\u0028\u30FC\u0029",
		"\u0028\u4E8C\u0029", "\u0028\u4E09\u0029", "\u0028\u56DB\u0029", "\u0028\u4E94\u0029", "\u0028\u516D\u0029", "\u0028\u4E03\u0029",
		"\u0028\u516B\u0029", "\u0028\u4E5D\u0029", "\u0028\u5341\u0029", "\u0028\u6708\u0029", "\u0028\u706B\u0029", "\u0028\u6C34\u0029",
		"\u0028\u6728\u0029", "\u0028\u91D1\u0029", "\u0028\u571F\u0029", "\u0028\u65E5\u0029", "\u0028\u682A\u0029", "\u0028\u6709\u0029",
		"\u0028\u793E\u0029", "\u0028\u540D\u0029", "\u0028\u7279\u0029", "\u0028\u8CA1\u0029", "\u0028\u795D\u0029", "\u0028\u52B4\u0029",
		"\u0028\u4EE3\u0029", "\u0028\u547C\u0029", "\u0028\u5B66\u0029", "\u0028\u76E3\u0029", "\u0028\u4F01\u0029", "\u0028\u8CC7\u0029",
		"\u0028\u5354\u0029", "\u0028\u796D\u0029", "\u0028\u4F11\u0029", "\u0028\u81EA\u0029", "\u0028\u81F3\u0029", "\u006C\u6708",
		"\u0032\u6708", "\u0033\u6708", "\u0034\u6708", "\u0035\u6708", "\u0036\u6708", "\u0037\u6708",
		"\u0038\u6708", "\u0039\u6708", "\u006C\u004F\u6708", "\u006C\u006C\u6708", "\u006C\u0032\u6708", "\u004F\u70B9",
		"\u006C\u70B9", "\u0032\u70B9", "\u0033\u70B9", "\u0034\u70B9", "\u0035\u70B9", "\u0036\u70B9",
		"\u0037\u70B9", "\u0038\u70B9", "\u0039\u70B9", "\u006C\u004F\u70B9", "\u006C\u006C\u70B9", "\u006C\u0032\u70B9",
		"\u006C\u0033\u70B9", "\u006C\u0034\u70B9", "\u006C\u0035\u70B9", "\u006C\u0036\u70B9", "\u006C\u0037\u70B9", "\u006C\u0038\u70B9",
		"\u006C\u0039\u70B9", "\u0032\u004F\u70B9", "\u0032\u006C\u70B9", "\u0032\u0032\u70B9", "\u0032\u0033\u70B9", "\u0032\u0034\u70B9",
		"\u006C\u65E5", "\u0032\u65E5", "\u0033\u65E5", "\u0034\u65E5", "\u0035\u65E5", "\u0036\u65E5",
		"\u0037\u65E5", "\u0038\u65E5", "\u0039\u65E5", "\u006C\u004F\u65E5", "\u006C\u006C\u65E5", "\u006C\u0032\u65E5",
		"\u006C\u0033\u65E5", "\u006C\u0034\u65E5", "\u006C\u0035\u65E5", "\u006C\u0036\u65E5", "\u006C\u0037\u65E5", "\u006C\u0038\u65E5",
		"\u006C\u0039\u65E5", "\u0032\u004F\u65E5", "\u0032\u006C\u65E5", "\u0032\u0032\u65E5", "\u0032\u0033\u65E5", "\u0032\u0034\u65E5",
		"\u0032\u0035\u65E5", "\u0032\u0036\u65E5", "\u0032\u0037\u65E5", "\u0032\u0038\u65E5", "\u0032\u0039\u65E5", "\u0033\u004F\u65E5",
		"\u0033\u006C\u65E5", "\u002E\u002E", "\u002E\u002C", "\u002D\u002E", "\u042A\u006C", "\u02C9\u0062\u0069",
		"\u0068\u0314", "\u004F\u004F", "\u006F\u006F", "\uA6F3\uA6F3", "\u0054\u0033", "\u0074\u021D",
		"\u0041\u0041", "\u0061\u0061", "\u0041\u004F", "\u0061\u006F", "\u0041\u0055", "\u0061\u0075",
		"\u0041\u0056", "\u0061\u0076", "\u0041\u0056", "\u0061\u0076", "\u0041\u0059", "\u0061\u0079",
		"\u004B\u0335", "\u004F\u0335", "\u006F\u0335", "\u004F\u004F", "\u006F\u006F", "\u0077\u0326",
		"\u0074\u0066", "\u0245\u0338", "\u1103\u1106", "\u1103\u1107", "\u1103\u1109", "\u1103\u110C",
		"\u1105\u1100", "\u1105\u1100\u1100", "\u1105\u1103", "\u1105\u1103\u1103", "\u1105\u1106", "\u1105\u1107",
		"\u1105\u1107\u1107", "\u1105\u1107\u110B", "\u1105\u1109", "\u1105\u110C", "\u1105\u110F", "\u1106\u1100",
		"\u1106\u1103", "\u1106\u1109", "\u1107\u1109\u1110", "\u1107\u110F", "\u1107\u1112", "\u1109\u1109\u1107",
		"\u110B\u1105", "\u110B\u1112", "\u110C\u110C\u1112", "\u1110\u1110", "\u1111\u1112", "\u1112\u1109",
		"\u1159\u1159", "\u006F\u0338", "\u0254\u0338", "\u01DD\u006F\u0338", "\u01DD\u006F\u0335", "\u0254\u0065",
		"\u0075\u006F", "\u006F\u031B", "\u006F\u0335", "\u0075\u0335", "\u006F\u0335", "\u1169\u1167",
		"\u1169\u1169\u4E28", "\u116D\u1161", "\u116D\u1161\u4E28", "\u116D\u1165", "\u116E\u1167", "\u116E\u4E28\u4E28",
		"\u1172\u1161\u4E28", "\u1172\u1169", "\u30FC\u1161", "\u30FC\u1165", "\u30FC\u1165\u4E28", "\u30FC\u1169",
		"\u4E28\u1163\u1169", "\u4E28\u1163\u4E28", "\u4E28\u1167", "\u4E28\u1167\u4E28", "\u4E28\u1169\u4E28", "\u4E28\u116D",
		"\u4E28\u1172", "\u4E28\u4E28", "\u119E\u1161", "\u119E\u1165\u4E28", "\u1102\u1105", "\u1102\u110E",
		"\u1103\u1103", "\u1103\u1103\u1107", "\u1103\u1107", "\u1103\u1109", "\u1103\u1109\u1100", "\u1103\u110C",
		"\u1103\u110E", "\u1103\u1110", "\u1105\u1100\u1100", "\u1105\u1100\u1112", "\u1105\u1105\u110F", "\u1105\u1106\u1112",
		"\u1105\u1107\u1103", "\u1105\u1107\u1111", "\u1105\u114C", "\u1105\u1159\u1112", "\u1105\u110B", "\u1106\u1102",
		"\u1106\u1102\u1102", "\u1106\u1106", "\u1106\u1107\u1109", "\u1106\u110C", "\u1107\u1103", "\u1107\u1105\u1111",
		"\u1107\u1106", "\u1107\u1107", "\u1107\u1109\u1103", "\u1107\u110C", "\u1107\u110E", "\u1109\u1106",
		"\u1109\u1107\u110B", "\u1109\u1109\u1100", "\u1109\u1109\u1103", "\u1109\u1140", "\u1109\u110C", "\u1109\u110E",
		"\u1109\u1110", "\u1105\u1112", "\u1140\u1107", "\u1140\u1107\u110B", "\u114C\u1106", "\u114C\u1112",
		"\u110C\u1107", "\u110C\u1107\u1107", "\u110C\u110C", "\u1111\u1109", "\u1111\u1110", "\u0066\u0066",
		"\u0066\u0069", "\u0066\u006C", "\u0066\u0066\u0069", "\u0066\u0066\u006C", "\u0073\u0074", "\u0574\u0576",
		"\u0574\u0565", "\u0574\u056B", "\u057E\u0576", "\u0574\u056D", "\u002D\u0307", "\u05D0\u05DC",
		"\u0649\u06DB", "\u0649\u06DB", "\u0649\u06DB", "\u0649\u06DB", "\u0649\u0615", "\u0649\u0615",
		"\u0649\u0615", "\u0649\u0615", "\u06A1\u06DB", "\u06A1\u06DB", "\u06A1\u06DB", "\u06A1\u06DB",
		"\u062F\u06DB", "\u062F\u06DB", "\u062F\u0615", "\u062F\u0615", "\u0631\u06DB", "\u0631\u06DB",
		"\u0631\u0615", "\u0631\u0615", "\u0649\u0615", "\u0649\u0615", "\u0649\u0615", "\u0649\u0615",
		"\u0643\u06DB", "\u0643\u06DB", "\u0643\u06DB", "\u0643\u06DB", "\u0648\u0313", "\u0648\u0313",
		"\u0648\u0306", "\u0648\u0306", "\u0648\u0670", "\u0648\u0670", "\u0648\u0313\u0674", "\u0648\u06DB",
		"\u0648\u06DB", "\u0648\u0302", "\u0648\u0302", "\u0649\u0674\u006C", "\u0649\u0674\u006C", "\u0649\u0674\u006F",
		"\u0649\u0674\u006F", "\u0649\u0674\u0648", "\u0649\u0674\u0648", "\u0649\u0674\u0648\u0313", "\u0649\u0674\u0648\u0313", "\u0649\u0674\u0648\u0306",
		"\u0649\u0674\u0648\u0306", "\u0649\u0674\u0648\u0670", "\u0649\u0674\u0648\u0670", "\u0649\u0674\u067B", "\u0649\u0674\u067B", "\u0649\u0674\u067B",
		"\u0649\u0674\u0649", "\u0649\u0674\u0649", "\u0649\u0674\u0649", "\u0649\u0674\u062C", "\u0649\u0674\u062D", "\u0649\u0674\u0645",
		"\u0649\u0674\u0649", "\u0649\u0674\u0649", "\u0628\u062C", "\u0628\u062D", "\u0628\u062E", "\u0628\u0645",
		"\u0628\u0649", "\u0628\u0649", "\u062A\u062C", "\u062A\u062D", "\u062A\u062E", "\u062A\u0645",
		"\u062A\u0649", "\u062A\u0649", "\u0649\u06DB\u062C", "\u0649\u06DB\u0645", "\u0649\u06DB\u0649", "\u0649\u06DB\u0649",
		"\u062C\u062D", "\u062C\u0645", "\u062D\u062C", "\u062D\u0645", "\u062E\u062C", "\u062E\u062D",
		"\u062E\u0645", "\u0633\u062C", "\u0633\u062D", "\u0633\u062E", "\u0633\u0645", "\u0635\u062D",
		"\u0635\u0645", "\u0636\u062C", "\u0636\u062D", "\u0636\u062E", "\u0636\u0645", "\u0637\u062D",
		"\u0637\u0645", "\u0638\u0645", "\u0639\u062C", "\u0639\u0645", "\u063A\u062C", "\u063A\u0645",
		"\u0641\u062C", "\u0641\u062D", "\u0641\u062E", "\u0641\u0645", "\u0641\u0649", "\u0641\u0649",
		"\u0642\u062D", "\u0642\u0645", "\u0642\u0649", "\u0642\u0649", "\u0643\u006C", "\u0643\u062C",
		"\u0643\u062D", "\u0643\u062E", "\u0643\u0644", "\u0643\u0645", "\u0643\u0649", "\u0643\u0649",
		"\u0644\u062C", "\u0644\u062D", "\u0644\u062E", "\u0644\u0645", "\u0644\u0649", "\u0644\u0649",
		"\u0645\u062C", "\u0645\u062D", "\u0645\u062E", "\u0645\u0645", "\u0645\u0649", "\u0645\u0649",
		"\u0628\u062E", "\u0646\u062D", "\u0646\u062E", "\u0646\u0645", "\u0646\u0649", "\u0646\u0649",
		"\u006F\u062C", "\u006F\u0645", "\u006F\u0649", "\u006F\u0649", "\u0649\u062C", "\u0649\u062D",
		"\u0649\u062E", "\u0649\u0645", "\u0649\u0649", "\u0649\u0649", "\u0630\u0670", "\u0631\u0670",
		"\u0649\u0670", "\uFE72\u0651", "\uFE74\u0651", "\uFE76\u0651", "\uFE78\u0651", "\uFE7A\u0651",
		"\uFE7C\u0670", "\u0649\u0674\u0631", "\u0649\u0674\u0632", "\u0649\u0674\u0645", "\u0649\u0674\u0646", "\u0649\u0674\u0649",
		"\u0649\u0674\u0649", "\u0628\u0631", "\u0628\u0632", "\u0628\u0645", "\u0628\u0646", "\u0628\u0649",
		"\u0628\u0649", "\u062A\u0631", "\u062A\u0632", "\u062A\u0645", "\u062A\u0646", "\u062A\u0649",
		"\u062A\u0649", "\u0649\u06DB\u0631", "\u0649\u06DB\u0632", "\u0649\u06DB\u0645", "\u0649\u06DB\u0646", "\u0649\u06DB\u0649",
		"\u0649\u06DB\u0649", "\u0641\u0649", "\u0641\u0649", "\u0642\u0649", "\u0642\u0649", "\u0643\u006C",
		"\u0643\u0644", "\u0643\u0645", "\u0643\u0649", "\u0643\u0649", "\u0644\u0645", "\u0644\u0649",
		"\u0644\u0649", "\u0645\u006C", "\u0645\u0645", "\u0646\u0631", "\u0646\u0632", "\u0646\u0645",
		"\u0646\u0646", "\u0646\u0649", "\u0646\u0649", "\u0649\u0670", "\u0649\u0631", "\u0649\u0632",
		"\u0649\u0645", "\u0649\u0646", "\u0649\u0649", "\u0649\u0649", "\u0649\u0674\u062C", "\u0649\u0674\u062D",
		"\u0649\u0674\u062E", "\u0649\u0674\u0645", "\u0649\u0674\u006F", "\u0628\u062C", "\u0628\u062D", "\u0628\u062E",
		"\u0628\u0645", "\u0628\u006F", "\u062A\u062C", "\u062A\u062D", "\u062A\u062E", "\u062A\u0645",
		"\u062A\u006F", "\u0649\u06DB\u0645", "\u062C\u062D", "\u062C\u0645", "\u062D\u062C", "\u062D\u0645",
		"\u062E\u062C", "\u062E\u0645", "\u0633\u062C", "\u0633\u062D", "\u0633\u062E", "\u0633\u0645",
		"\u0635\u062D", "\u0635\u062E", "\u0635\u0645", "\u0636\u062C", "\u0636\u062D", "\u0636\u062E",
		"\u0636\u0645", "\u0637\u062D", "\u0638\u0645", "\u0639\u062C", "\u0639\u0645", "\u063A\u062C",
		"\u063A\u0645", "\u0641\u062C", "\u0641\u062D", "\u0641\u062E", "\u0641\u0645", "\u0642\u062D",
		"\u0642\u0645", "\u0643\u062C", "\u0643\u062D", "\u0643\u062E", "\u0643\u0644", "\u0643\u0645",
		"\u0644\u062C", "\u0644\u062D", "\u0644\u062E", "\u0644\u0645", "\u0644\u006F", "\u0645\u062C",
		"\u0645\u062D", "\u0645\u062E", "\u0645\u0645", "\u0628\u062E", "\u0646\u062D", "\u0646\u062E",
		"\u0646\u0645", "\u0646\u006F", "\u006F\u062C", "\u006F\u0645", "\u006F\u0670", "\u0649\u062C",
		"\u0649\u062D", "\u0649\u062E", "\u0649\u0645", "\u0649\u006F", "\u0649\u0674\u0645", "\u0649\u0674\u006F",
		"\u0628\u0645", "\u0628\u006F", "\u062A\u0645", "\u062A\u006F", "\u0649\u06DB\u0645", "\u0649\u06DB\u006F",
		"\u0633\u0645", "\u0633\u006F", "\u0633\u06DB\u0645", "\u0633\u06DB\u006F", "\u0643\u0644", "\u0643\u0645",
		"\u0644\u0645", "\u0646\u0645", "\u0646\u006F", "\u0649\u0645", "\u0649\u006F", "\uFE77\u0651",
		"\uFE79\u0651", "\uFE7B\u0651", "\u0637\u0649", "\u0637\u0649", "\u0639\u0649", "\u0639\u0649",
		"\u063A\u0649", "\u063A\u0649", "\u0633\u0649", "\u0633\u0649", "\u0633\u06DB\u0649", "\u0633\u06DB\u0649",
		"\u062D\u0649", "\u062D\u0649", "\u062C\u0649", "\u062C\u0649", "\u062E\u0649", "\u062E\u0649",
		"\u0635\u0649", "\u0635\u0649", "\u0636\u0649", "\u0636\u0649", "\u0633\u06DB\u062C", "\u0633\u06DB\u062D",
		"\u0633\u06DB\u062E", "\u0633\u06DB\u0645", "\u0633\u06DB\u0631", "\u0633\u0631", "\u0635\u0631", "\u0636\u0631",
		"\u0637\u0649", "\u0637\u0649", "\u0639\u0649", "\u0639\u0649", "\u063A\u0649", "\u063A\u0649",
		"\u0633\u0649", "\u0633\u0649", "\u0633\u06DB\u0649", "\u0633\u06DB\u0649", "\u062D\u0649", "\u062D\u0649",
		"\u062C\u0649", "\u062C\u0649", "\u062E\u0649", "\u062E\u0649", "\u0635\u0649", "\u0635\u0649",
		"\u0636\u0649", "\u0636\u0649", "\u0633\u06DB\u062C", "\u0633\u06DB\u062D", "\u0633\u06DB\u062E", "\u0633\u06DB\u0645",
		"\u0633\u06DB\u0631", "\u0633\u0631", "\u0635\u0631", "\u0636\u0631", "\u0633\u06DB\u062C", "\u0633\u06DB\u062D",
		"\u0633\u06DB\u062E", "\u0633\u06DB\u0645", "\u0633\u006F", "\u0633\u06DB\u006F", "\u0637\u0645", "\u0633\u062C",
		"\u0633\u062D", "\u0633\u062E", "\u0633\u06DB\u062C", "\u0633\u06DB\u062D", "\u0633\u06DB\u062E", "\u0637\u0645",
		"\u0638\u0645", "\u006C\u030B", "\u006C\u030B", "\u062A\u062C\u0645", "\u062A\u062D\u062C", "\u062A\u062D\u062C",
		"\u062A\u062D\u0645", "\u062A\u062E\u0645", "\u062A\u0645\u062C", "\u062A\u0645\u062D", "\u062A\u0645\u062E", "\u062C\u0645\u062D",
		"\u062C\u0645\u062D", "\u062D\u0645\u0649", "\u062D\u0645\u0649", "\u0633\u062D\u062C", "\u0633\u062C\u062D", "\u0633\u062C\u0649",
		"\u0633\u0645\u062D", "\u0633\u0645\u062D", "\u0633\u0645\u062C", "\u0633\u0645\u0645", "\u0633\u0645\u0645", "\u0635\u062D\u062D",
		"\u0635\u062D\u062D", "\u0635\u0645\u0645", "\u0633\u06DB\u062D\u0645", "\u0633\u06DB\u062D\u0645", "\u0633\u06DB\u062C\u0649", "\u0633\u06DB\u0645\u062E",
		"\u0633\u06DB\u0645\u062E", "\u0633\u06DB\u0645\u0645", "\u0633\u06DB\u0645\u0645", "\u0636\u062D\u0649", "\u0636\u062E\u0645", "\u0636\u062E\u0645",
		"\u0637\u0645\u062D", "\u0637\u0645\u062D", "\u0637\u0645\u0645", "\u0637\u0645\u0649", "\u0639\u062C\u0645", "\u0639\u0645\u0645",
		"\u0639\u0645\u0645", "\u0639\u0645\u0649", "\u063A\u0645\u0645", "\u063A\u0645\u0649", "\u063A\u0645\u0649", "\u0641\u062E\u0645",
		"\u0641\u062E\u0645", "\u0642\u0645\u062D", "\u0642\u0645\u0645", "\u0644\u062D\u0645", "\u0644\u062D\u0649", "\u0644\u062D\u0649",
		"\u0644\u062C\u062C", "\u0644\u062C\u062C", "\u0644\u062E\u0645", "\u0644\u062E\u0645", "\u0644\u0645\u062D", "\u0644\u0645\u062D",
		"\u0645\u062D\u062C", "\u0645\u062D\u0645", "\u0645\u062D\u0649", "\u0645\u062C\u062D", "\u0645\u062C\u0645", "\u0645\u062E\u062C",
		"\u0645\u062E\u0645", "\u0645\u062C\u062E", "\u006F\u0645\u062C", "\u006F\u0645\u0645", "\u0646\u062D\u0645", "\u0646\u062D\u0649",
		"\u0646\u062C\u0645", "\u0646\u062C\u0645", "\u0646\u062C\u0649", "\u0646\u0645\u0649", "\u0646\u0645\u0649", "\u0649\u0645\u0645",
		"\u0649\u0645\u0645", "\u0628\u062E\u0649", "\u062A\u062C\u0649", "\u062A\u062C\u0649", "\u062A\u062E\u0649", "\u062A\u062E\u0649",
		"\u062A\u0645\u0649", "\u062A\u0645\u0649", "\u062C\u0645\u0649", "\u062C\u062D\u0649", "\u062C\u0645\u0649", "\u0633\u062E\u0649",
		"\u0635\u062D\u0649", "\u0633\u06DB\u062D\u0649", "\u0636\u062D\u0649", "\u0644\u062C\u0649", "\u0644\u0645\u0649", "\u0649\u062D\u0649",
		"\u0649\u062C\u0649", "\u0649\u0645\u0649", "\u0645\u0645\u0649", "\u0642\u0645\u0649", "\u0646\u062D\u0649", "\u0642\u0645\u062D",
		"\u0644\u062D\u0645", "\u0639\u0645\u0649", "\u0643\u0645\u0649", "\u0646\u062C\u062D", "\u0645\u062E\u0649", "\u0644\u062C\u0645",
		"\u0643\u0645\u0645", "\u0644\u062C\u0645", "\u0646\u062C\u062D", "\u062C\u062D\u0649", "\u062D\u062C\u0649", "\u0645\u062C\u0649",
		"\u0641\u0645\u0649", "\u0628\u062D\u0649", "\u0643\u0645\u0645", "\u0639\u062C\u0645", "\u0635\u0645\u0645", "\u0633\u062E\u0649",
		"\u0646\u062C\u0649", "\u0635\u0644\u0649", "\u0642\u0644\u0649", "\u006C\u0644\u0644\u0651\u0670\u006F", "\u006C\u0643\u0628\u0631", "\u0645\u062D\u0645\u062F",
		"\u0635\u0644\u0639\u0645", "\u0631\u0633\u0648\u0644", "\u0639\u0644\u0649\u006F", "\u0648\u0633\u0644\u0645", "\u0635\u0644\u0649", "\u0635\u0644\u0649\u0020\u006C\u0644\u0644\u006F\u0020\u0639\u0644\u0649\u006F\u0020\u0648\u0633\u0644\u0645",
		"\u062C\u0644\u0020\u062C\u0644\u006C\u0644\u006F", "\u0631\u0649\u006C\u0644", "\u006C\u0674", "\u006C\u0674", "\u0648\u0674", "\u0648\u0674",
		"\u006C\u0655", "\u006C\u0655", "\u0649\u0674", "\u0649\u0674", "\u0649\u0674", "\u0649\u0674",
		"\u0649\u06DB", "\u0649\u06DB", "\u0649\u06DB", "\u0649\u06DB", "\u0633\u06DB", "\u0633\u06DB",
		"\u0633\u06DB", "\u0633\u06DB", "\u0644\u0622", "\u0644\u0622", "\u0644\u006C\u0674", "\u0644\u006C\u0674",
		"\u0644\u006C\u0655", "\u0644\u006C\u0655", "\u0644\u006C", "\u0644\u006C", "\u0027\u0027", "\u004E\u030A",
		"\u0058\u0335", "\u0056\u0335", "\u006C\u0335\u006C\u0335\u0053\u0335", "\u006C\u0335\u006C\u0335", "\U00010A56\U00010A56", "\U00011434\U00011442\U00011412",
		"\U00011434\U00011442\U00011418", "\U00011434\U00011442\U00011423", "\U00011434\U00011442\U00011429", "\U00011434\U00011442\U0001142C", "\U00011434\U00011442\U0001142E", "\U0001144B\U0001144B",
		"\u0306\u0307", "\u0077\u0307", "\U00011641\U00011641", "\u0072\u006E", "\u0072\u006E", "\U00011AE5\U00011AEF",
		"\U00011AE5\U00011AF0", "\U00011AE5\U00011AE5", "\U00011AE5\U00011AE5\U00011AEF", "\U00011AE5\U00011AE5\U00011AF0", "\U00011AEB\U00011AEF", "\U00011AEB\U00011AEB",
		"\U00011AEB\U00011AEB\U00011AEF", "\U00011AF3\U00011AEF", "\U00011AF3\U00011AF0", "\U00011AF3\U00011AF3", "\U00011AF3\U00011AF3\U00011AEF", "\U00011AF3\U00011AF3\U00011AF0",
		"\U00011C41\U00011C41", "\u004F\u0335", "\u0072\u006E", "\u0072\u006E", "\u0072\u006E", "\u0072\u006E",
		"\u0072\u006E", "\u0072\u006E", "\u0072\u006E", "\u0072\u006E", "\u0072\u006E", "\u0072\u006E",
		"\u0072\u006E", "\u0072\u006E", "\u0072\u006E", "\u004F\u0335", "\u004F\u0335", "\u006E\u0329",
		"\u004F\u0335", "\u004F\u0335", "\u004F\u0335", "\u004F\u0335", "\u006E\u0329", "\u004F\u0335",
		"\u004F\u0335", "\u004F\u0335", "\u004F\u0335", "\u006E\u0329", "\u004F\u0335", "\u004F\u0335",
		"\u004F\u0335", "\u004F\u0335", "\u006E\u0329", "\u004F\u0335", "\u004F\u0335", "\u004F\u0335",
		"\u004F\u0335", "\u006E\u0329", "\u004F\u0335", "\u004F\u0335", "\u2202\u0335", "\u0633\u06DB",
		"\u0649\u06DB", "\u0633\u06DB", "\u0649\u06DB", "\u0633\u06DB", "\u0633\u06DB", "\u0649\u06DB",
		"\u0633\u06DB", "\u0649\u06DB", "\u0633\u06DB", "\u0649\u06DB", "\u004F\u002E", "\u004F\u002C",
		"\u006C\u002C", "\u0032\u002C", "\u0033\u002C", "\u0034\u002C", "\u0035\u002C", "\u0036\u002C",
		"\u0037\u002C", "\u0038\u002C", "\u0039\u002C", "\u0024\u20E0", "\u0028\u0041\u0029", "\u0028\u0042\u0029",
		"\u0028\u0043\u0029", "\u0028\u0044\u0029", "\u0028\u0045\u0029", "\u0028\u0046\u0029", "\u0028\u0047\u0029", "\u0028\u0048\u0029",
		"\u0028\u006C\u0029", "\u0028\u004A\u0029", "\u0028\u004B\u0029", "\u0028\u004C\u0029", "\u0028\u004D\u0029", "\u0028\u004E\u0029",
		"\u0028\u004F\u0029", "\u0028\u0050\u0029", "\u0028\u0051\u0029", "\u0028\u0052\u0029", "\u0028\u0053\u0029", "\u0028\u0054\u0029",
		"\u0028\u0055\u0029", "\u0028\u0056\u0029", "\u0028\u0057\u0029", "\u0028\u0058\u0029", "\u0028\u0059\u0029", "\u0028\u005A\u0029",
		"\u0028\u0053\u0029", "\u33C4\u0009\u20DD", "\u0043\u20E0", "\u0028\u672C\u0029", "\u0028\u4E09\u0029", "\u0028\u4E8C\u0029",
		"\u0028\u5B89\u0029", "\u0028\u70B9\u0029", "\u0028\u6253\u0029", "\u0028\u76D7\u0029", "\u0028\u52DD\u0029", "\u0028\u6557\u0029",
		"\u0051\u0045", "\u0041\u0052", "\u0056\u1DE4", "\u004F\u0335", "\u0073\u0073\u0073", "\u004D\u0042",
		"\u0056\u0042",
	};

	/// <summary>
	/// The prototype for <paramref name="codePoint"/>, or false when it is not confusable
	/// with anything and should be kept as it is.
	/// </summary>
	public static bool TryMap( int codePoint, out int single, out string? sequence )
	{
		var index = Array.BinarySearch( Sources, codePoint );
		if ( index < 0 )
		{
			single = 0;
			sequence = null;
			return false;
		}

		var replacement = Replacements[index];
		if ( replacement < 0 )
		{
			single = 0;
			sequence = Sequences[~replacement];
			return true;
		}

		single = replacement;
		sequence = null;
		return true;
	}
}